0.8355362	0.1644638	0	1
0.0040787756	0.99592125	1	1
0.99796367	0.0020363398	0	0
0.0007798486	0.99922013	1	1
0.0006645163	0.99933547	1	1
0.9989833	0.0010166963	0	0
0.0036327143	0.9963672	1	1
0.019731414	0.98026854	1	1
0.00085027143	0.9991497	1	1
0.0014241561	0.9985758	1	1
0.94834954	0.051650427	0	1
0.00061434397	0.9993856	1	1
0.0036412058	0.9963588	1	1
0.9529894	0.04701058	0	0
0.99835324	0.0016468249	0	1
0.0024416626	0.99755836	1	1
0.99720013	0.002799851	0	1
0.9988311	0.0011688676	0	0
0.58147806	0.4185219	0	1
0.009644385	0.9903556	1	1
0.998317	0.0016830066	0	0
0.016548704	0.98345125	1	1
0.0016377885	0.99836224	1	1
0.28256363	0.71743643	1	1
0.00097160024	0.99902844	1	1
0.0006625679	0.9993374	1	1
0.99864095	0.0013590319	0	0
0.0008187227	0.9991812	1	1
0.0056154546	0.9943845	1	0
0.99854386	0.0014561233	0	0
0.0016424333	0.9983576	1	1
0.017888723	0.9821113	1	0
0.057754263	0.9422457	1	1
0.0010149069	0.9989851	1	1
0.0046696174	0.99533045	1	1
0.021017175	0.9789828	1	1
0.9584089	0.041591123	0	0
0.0011164843	0.99888355	1	1
0.0018689992	0.998131	1	1
0.98700804	0.012991965	0	1
0.998847	0.0011530174	0	0
0.591415	0.408585	0	1
0.000635547	0.99936444	1	1
0.0010646856	0.9989353	1	1
0.003291926	0.99670804	1	1
0.0014435179	0.99855644	1	1
0.0007418985	0.9992581	1	1
0.9427556	0.05724439	0	0
0.00058422075	0.99941576	1	1
0.00061153376	0.99938846	1	1
0.0044166944	0.99558336	1	1
0.997264	0.0027360339	0	0
0.6395393	0.36046067	0	0
0.006730903	0.993269	1	1
0.00073233753	0.99926764	1	1
0.0011705825	0.9988294	1	1
0.9982021	0.00179787	0	0
0.001190016	0.99881005	1	1
0.000994162	0.99900585	1	1
0.0007045382	0.9992955	1	1
0.9988876	0.0011124457	0	0
0.0014634229	0.9985366	1	1
0.17988722	0.82011276	1	0
0.0023521695	0.9976478	1	1
0.99197644	0.008023619	0	1
0.0006516445	0.99934834	1	1
0.001385423	0.99861455	1	1
0.99845827	0.001541794	0	0
0.90829605	0.091703944	0	1
0.00061093376	0.99938905	1	1
0.0010828045	0.9989172	1	1
0.0010734923	0.99892646	1	1
0.0036070545	0.9963929	1	1
0.068528675	0.9314713	1	1
0.0009206074	0.99907935	1	1
0.0015447411	0.9984553	1	1
0.97730434	0.022695642	0	1
0.0039478885	0.9960521	1	1
0.0008395039	0.9991605	1	0
0.00073997653	0.99926	1	1
0.9985359	0.0014641156	0	0
0.62251085	0.37748915	0	1
0.0019318323	0.99806815	1	1
0.99845564	0.0015443735	0	0
0.41244003	0.5875599	1	0
0.0012208242	0.9987791	1	1
0.017504537	0.9824954	1	1
0.99880683	0.0011931834	0	0
0.0018661906	0.99813384	1	1
0.6758493	0.32415062	0	1
0.9979278	0.0020722146	0	0
0.043895494	0.9561046	1	1
0.99720085	0.0027991403	0	0
0.00077560905	0.9992244	1	1
0.0012480891	0.9987519	1	1
0.0007041939	0.99929583	1	1
0.0048280214	0.99517196	1	1
0.99889636	0.0011036431	0	0
0.0018488236	0.9981511	1	1
0.0009714827	0.99902856	1	1
0.94588983	0.054110203	0	1
0.0032145875	0.9967854	1	1
0.995952	0.004047962	0	0
0.0016549212	0.99834514	1	1
0.012303278	0.9876967	1	1
0.0009798555	0.9990201	1	1
0.99767596	0.0023240757	0	1
0.99680626	0.0031937126	0	1
0.9986161	0.0013838571	0	0
0.32654333	0.67345667	1	0
0.00071564905	0.9992843	1	1
0.000853429	0.9991466	1	1
0.0009607999	0.9990392	1	1
0.0015694085	0.99843055	1	0
0.9989612	0.0010387804	0	0
0.0011313338	0.99886864	1	1
0.0032684046	0.99673164	1	1
0.0023381705	0.9976618	1	0
0.9987287	0.0012712544	0	1
0.17386286	0.8261371	1	0
0.00068815926	0.9993118	1	1
0.003683962	0.996316	1	1
0.0012057475	0.9987942	1	1
0.0048523513	0.99514765	1	1
0.0011616832	0.99883837	1	1
0.007037566	0.9929624	1	1
0.044938214	0.95506185	1	0
0.99838674	0.0016132694	0	0
0.1273191	0.87268096	1	1
0.9986072	0.0013927593	0	0
0.0018064678	0.99819356	1	1
0.842041	0.15795892	0	0
0.0012997356	0.99870026	1	1
0.0060196496	0.9939804	1	1
0.62955105	0.3704489	0	0
0.032469828	0.96753025	1	1
0.0019118566	0.99808806	1	1
0.00078126293	0.9992187	1	1
0.9988225	0.0011774915	0	0
0.0008212159	0.9991787	1	1
0.00066349213	0.99933654	1	1
0.009128604	0.99087137	1	1
0.0010868686	0.99891317	1	1
0.0015805787	0.9984194	1	1
0.99343324	0.0065667997	0	1
0.0009380249	0.999062	1	0
0.0019431212	0.9980568	1	0
0.0006402636	0.9993598	1	1
0.6281121	0.37188795	0	1
0.0021273305	0.9978727	1	1
0.9987863	0.0012137445	0	0
0.9987638	0.001236246	0	0
0.0017330634	0.99826694	1	1
0.0102694165	0.9897306	1	1
0.001290217	0.9987098	1	0
0.99708	0.0029199102	0	1
0.00052459387	0.9994754	1	1
0.0011665786	0.9988335	1	1
0.0016277971	0.99837226	1	1
0.9989304	0.0010696107	0	0
0.99721575	0.0027842752	0	0
0.00093461975	0.99906546	1	1
0.9981694	0.0018305916	0	0
0.98861235	0.011387683	0	0
0.0014559873	0.998544	1	1
0.0037971172	0.9962029	1	1
0.36788607	0.63211393	1	0
0.0017487827	0.99825114	1	1
0.0026016652	0.9973984	1	0
0.9962691	0.0037308214	0	0
0.001906659	0.9980933	1	0
0.048374545	0.95162547	1	1
0.00086806994	0.999132	1	0
0.9978054	0.0021946004	0	1
0.99878687	0.001213206	0	0
0.9984181	0.0015818871	0	0
0.00083297316	0.9991671	1	1
0.99690896	0.003091082	0	0
0.76400685	0.23599313	0	1
0.99507904	0.0049209697	0	0
0.9981147	0.0018852537	0	1
0.9987923	0.0012077068	0	0
0.00074839586	0.99925154	1	1
0.0015217649	0.99847823	1	1
0.9853194	0.014680655	0	1
0.00093465665	0.99906534	1	1
0.99515414	0.0048458716	0	1
0.06061391	0.9393861	1	1
0.00063839054	0.9993616	1	1
0.9984308	0.0015692427	0	0
0.0044967877	0.99550325	1	1
0.9963342	0.0036658468	0	0
0.965873	0.03412698	0	1
0.00065823586	0.9993418	1	1
0.0033808511	0.9966191	1	1
0.00081570994	0.9991843	1	1
0.99889416	0.0011058953	0	1
0.0014880217	0.99851197	1	0
0.0016504287	0.99834955	1	0
0.990225	0.009774992	0	1
0.00075152615	0.99924845	1	1
0.0014845973	0.9985154	1	1
0.0006264184	0.9993736	1	1
0.0008218242	0.9991781	1	1
0.9985832	0.0014168763	0	0
0.0013806465	0.9986193	1	1
0.9984395	0.0015605482	0	0
0.0005795344	0.9994205	1	1
0.0015181537	0.9984818	1	1
0.99867934	0.0013206186	0	0
0.99851435	0.0014856998	0	0
0.9989729	0.0010270801	0	0
0.0010243732	0.99897563	1	1
0.9963456	0.0036544623	0	0
0.0024937312	0.9975063	1	1
0.0021112948	0.99788874	1	1
0.0007684519	0.9992316	1	1
0.0006741182	0.9993259	1	1
0.0014898939	0.99851006	1	1
0.99861753	0.0013825162	0	0
0.9328975	0.0671025	0	1
0.0014113783	0.9985886	1	1
0.08873032	0.91126966	1	1
0.0008052292	0.9991948	1	1
0.99883896	0.0011610311	0	0
0.997558	0.0024420205	0	0
0.0009638568	0.9990362	1	1
0.0020618376	0.9979381	1	1
0.0011520337	0.99884796	1	1
0.99661094	0.0033889841	0	0
0.006667538	0.99333245	1	1
0.99846363	0.0015363576	0	0
0.9986065	0.0013935522	0	0
0.0012043741	0.9987956	1	1
0.001835653	0.99816436	1	1
0.48094642	0.5190535	1	1
0.0021588884	0.9978411	1	0
0.95322794	0.046772078	0	0
0.009730308	0.99026966	1	1
0.3730171	0.62698287	1	1
0.9984668	0.0015331929	0	0
0.00075469754	0.9992453	1	1
0.9989692	0.001030807	0	0
0.001207609	0.9987924	1	1
0.996123	0.0038770186	0	0
0.99872017	0.001279812	0	1
0.27589437	0.72410566	1	1
0.93621695	0.063783	0	1
0.00086605037	0.999134	1	1
0.0011570057	0.99884295	1	1
0.0014221072	0.99857795	1	1
0.0024435823	0.99755645	1	1
0.0035146014	0.99648535	1	1
0.0006906645	0.9993093	1	1
0.9985133	0.00148674	0	0
0.99847394	0.0015260639	0	0
0.00098629	0.99901366	1	1
0.0006507923	0.9993492	1	1
0.0006859429	0.99931407	1	1
0.16664495	0.83335507	1	1
0.00085520564	0.9991448	1	1
0.9980192	0.0019807515	0	0
0.0024948984	0.9975051	1	1
0.0011316917	0.99886835	1	1
0.0008929537	0.99910706	1	1
0.8894796	0.11052044	0	0
0.96315354	0.03684647	0	1
0.09047984	0.90952015	1	1
0.003864845	0.99613523	1	0
0.1842766	0.81572336	1	1
0.9984301	0.0015698688	0	0
0.017431766	0.98256826	1	1
0.9931514	0.0068485336	0	0
0.9986627	0.0013372602	0	0
0.99868494	0.0013150325	0	0
0.0008112182	0.9991887	1	1
0.9974375	0.0025625047	0	1
0.9737517	0.026248291	0	1
0.24739814	0.75260186	1	0
0.03423568	0.96576434	1	0
0.9936581	0.006341857	0	0
0.00071023	0.99928975	1	1
0.0010349952	0.998965	1	1
0.65137804	0.348622	0	1
0.0010817054	0.9989183	1	1
0.99682933	0.0031706507	0	0
0.00080745324	0.99919254	1	1
0.0010737557	0.9989262	1	1
0.00097068556	0.9990293	1	1
0.74276394	0.25723603	0	0
0.99498355	0.0050164447	0	1
0.0008347847	0.9991652	1	1
0.0018607564	0.99813926	1	1
0.003095684	0.9969043	1	1
0.9989924	0.0010075603	0	0
0.010223529	0.9897765	1	1
0.99882585	0.0011741034	0	0
0.82136244	0.17863755	0	1
0.002204557	0.99779546	1	1
0.00067954237	0.9993205	1	1
0.001302018	0.998698	1	1
0.00096277933	0.99903727	1	1
0.0092380075	0.99076194	1	1
0.9989524	0.0010476336	0	0
0.0015160592	0.99848396	1	1
0.63513625	0.36486378	0	1
0.009304759	0.99069524	1	0
0.004422773	0.9955772	1	1
0.0015004363	0.99849963	1	1
0.9858101	0.014189953	0	1
0.031799793	0.96820027	1	1
0.0016333363	0.99836665	1	1
0.0010789058	0.99892116	1	1
0.99847895	0.0015210175	0	1
0.0012405679	0.9987594	1	1
0.8634105	0.13658956	0	1
0.0017101021	0.9982899	1	1
0.3436689	0.65633106	1	1
0.9986827	0.0013172857	0	0
0.00065654644	0.99934345	1	1
0.9989066	0.0010933622	0	0
0.00094447465	0.99905556	1	1
0.9899878	0.010012209	0	1
0.99673295	0.0032670503	0	1
0.002164535	0.99783546	1	1
0.0019921816	0.99800783	1	1
0.95229256	0.047707487	0	0
0.9984213	0.0015787092	0	1
0.0031200058	0.99688005	1	1
0.9959038	0.0040962533	0	0
0.0018376942	0.9981623	1	1
0.0014421007	0.99855787	1	1
0.36101356	0.6389864	1	1
0.0007629298	0.99923706	1	1
0.00068169006	0.99931836	1	1
0.00077941816	0.9992206	1	1
0.0017902631	0.9982097	1	1
0.0011099593	0.9988901	1	1
0.9187768	0.08122316	0	0
0.9983114	0.00168858	0	0
0.0015115774	0.9984884	1	1
0.8433979	0.15660203	0	1
0.0006206482	0.9993793	1	1
0.0023808766	0.9976191	1	1
0.99486274	0.005137212	0	1
0.00070684694	0.9992931	1	1
0.0013904115	0.99860954	1	1
0.0052341246	0.9947659	1	1
0.99867296	0.0013270355	0	0
0.0015163927	0.9984836	1	1
0.0044208355	0.9955792	1	1
0.99899584	0.0010041044	0	0
0.00058702467	0.999413	1	1
0.0024106875	0.99758935	1	1
0.9988765	0.0011235067	0	0
0.0019299891	0.99807006	1	1
0.0019222165	0.99807775	1	1
0.0007782855	0.9992217	1	1
0.098773144	0.9012269	1	0
0.82428586	0.17571415	0	1
0.00079661456	0.9992034	1	1
0.98935354	0.010646513	0	1
0.0006930573	0.9993069	1	1
0.0009980701	0.9990019	1	1
0.00117139	0.9988286	1	1
0.094918355	0.9050816	1	1
0.9987924	0.0012075957	0	0
0.0014471462	0.99855286	1	0
0.7889541	0.21104594	0	1
0.0018719034	0.9981281	1	1
0.99862623	0.001373802	0	0
0.9981415	0.0018584916	0	0
0.0006106665	0.9993893	1	1
0.0031471013	0.99685293	1	1
0.0018284338	0.99817157	1	1
0.99882	0.0011800184	0	0
0.0008880443	0.99911195	1	1
0.9989511	0.0010488877	0	0
0.0012805497	0.99871945	1	1
0.00091972505	0.9990803	1	1
0.21967255	0.7803275	1	1
0.0009193009	0.99908066	1	1
0.0077987304	0.9922012	1	0
0.0007959666	0.9992041	1	1
0.0024959953	0.99750406	1	0
0.0017195711	0.9982804	1	1
0.0009901597	0.99900985	1	1
0.0013996649	0.9986003	1	1
0.0006899468	0.99931	1	1
0.025756383	0.97424364	1	0
0.8497517	0.15024827	0	1
0.9980855	0.0019145138	0	0
0.9968749	0.00312501	0	1
0.9919561	0.00804388	0	1
0.9988142	0.0011858055	0	0
0.93612826	0.063871704	0	1
0.9987943	0.001205612	0	0
0.00093306624	0.999067	1	1
0.0009124647	0.9990876	1	1
0.00081706856	0.9991829	1	1
0.9989396	0.0010603807	0	0
0.99349713	0.0065028616	0	0
0.9962314	0.0037685898	0	0
0.9983829	0.0016171335	0	0
0.003371699	0.9966282	1	1
0.3976713	0.6023287	1	1
0.61756057	0.38243943	0	0
0.0014109696	0.998589	1	1
0.0015197232	0.99848026	1	1
0.99025893	0.009741033	0	1
0.0029403998	0.9970595	1	1
0.0015890236	0.99841094	1	1
0.7828451	0.21715492	0	0
0.9989278	0.0010722062	0	0
0.0018363076	0.99816376	1	1
0.9399803	0.060019657	0	1
0.0014750423	0.99852496	1	1
0.0017076316	0.9982924	1	1
0.9959888	0.0040112054	0	1
0.020438729	0.97956127	1	1
0.0007738284	0.9992262	1	1
0.998776	0.0012239972	0	0
0.9990847	0.00091527926	0	0
0.0009587429	0.99904126	1	1
0.9985147	0.0014852285	0	0
0.0009715678	0.99902844	1	1
0.7111748	0.28882518	0	1
0.0431473	0.9568527	1	1
0.00081022055	0.9991898	1	1
0.9872656	0.012734441	0	1
0.015033857	0.98496616	1	1
0.99852127	0.0014786904	0	0
0.9977913	0.0022087134	0	0
0.9985568	0.0014432383	0	1
0.9454353	0.05456468	0	1
0.00096972095	0.99903023	1	1
0.028334817	0.9716652	1	0
0.99820435	0.0017956774	0	0
0.99535745	0.004642538	0	0
0.98754454	0.012455513	0	1
0.99870193	0.0012981015	0	0
0.98245025	0.017549748	0	1
0.9976974	0.002302556	0	0
0.0012282424	0.9987717	1	1
0.0025965031	0.99740344	1	1
0.0017264968	0.9982735	1	1
0.99859184	0.0014081171	0	0
0.0014296882	0.9985703	1	0
0.0005402248	0.9994598	1	1
0.0009468718	0.9990532	1	1
0.0010691325	0.9989309	1	1
0.99885213	0.001147823	0	0
0.00096598966	0.99903405	1	1
0.0012813781	0.9987186	1	1
0.02857315	0.97142684	1	0
0.96518034	0.03481972	0	0
0.0008358792	0.9991641	1	1
0.001452501	0.9985475	1	1
0.9891468	0.010853172	0	1
0.0007692061	0.99923074	1	1
0.0018950358	0.99810493	1	1
0.3544571	0.6455429	1	1
0.001147547	0.9988525	1	1
0.97508234	0.024917658	0	1
0.99620205	0.0037979996	0	0
0.000844082	0.9991559	1	1
0.00095964444	0.9990403	1	1
0.0014343596	0.9985656	1	1
0.00069745025	0.9993025	1	1
0.0071873134	0.9928127	1	1
0.001215311	0.9987847	1	1
0.0018182037	0.9981818	1	1
0.9959175	0.004082527	0	1
0.97352594	0.026474101	0	0
0.99835193	0.0016481125	0	0
0.9987225	0.0012775158	0	0
0.99866056	0.0013394654	0	1
0.24785301	0.75214696	1	1
0.98215055	0.017849365	0	1
0.000852167	0.9991478	1	1
0.0012957487	0.9987042	1	1
0.0012638891	0.9987361	1	1
0.96023357	0.039766494	0	1
0.9952231	0.0047769635	0	0
0.00076128636	0.9992387	1	1
0.0008669147	0.99913305	1	1
0.0006336123	0.99936646	1	1
0.0009990366	0.99900097	1	1
0.2914663	0.70853376	1	1
0.9989617	0.0010383249	0	0
0.0008114189	0.9991886	1	1
0.9405542	0.059445817	0	1
0.0015499021	0.99845004	1	1
0.018253807	0.9817462	1	1
0.99843615	0.0015638244	0	0
0.001038257	0.9989617	1	1
0.000815657	0.9991843	1	1
0.0013448417	0.9986551	1	1
0.5184364	0.48156366	0	1
0.9972882	0.0027118244	0	0
0.0014961497	0.9985039	1	1
0.99813145	0.0018685965	0	1
0.0011108604	0.99888915	1	1
0.8346197	0.16538033	0	1
0.0005972337	0.99940276	1	1
0.008204803	0.99179524	1	1
0.9989347	0.0010652792	0	0
0.0007950497	0.99920493	1	1
0.0017397774	0.9982602	1	1
0.00092196494	0.99907804	1	1
0.9920272	0.007972767	0	0
0.99877983	0.0012201081	0	0
0.9873166	0.012683381	0	1
0.023146838	0.97685313	1	1
0.0053251716	0.9946748	1	0
0.001914563	0.9980855	1	1
0.99894875	0.0010512989	0	1
0.00071055995	0.9992894	1	1
0.9931685	0.0068315472	0	1
0.0009014151	0.99909866	1	1
0.9988738	0.0011261774	0	0
0.0011939553	0.998806	1	1
0.0038676893	0.99613225	1	1
0.00401923	0.99598074	1	1
0.0020701329	0.9979298	1	1
0.9987344	0.0012655598	0	0
0.0010713714	0.9989286	1	1
0.0012038195	0.9987961	1	1
0.9984346	0.00156537	0	0
0.13995673	0.8600432	1	1
0.0029378303	0.99706215	1	0
0.3154842	0.68451583	1	0
0.99197936	0.0080206	0	0
0.0045617097	0.9954383	1	1
0.017069517	0.9829305	1	1
0.9980464	0.0019536458	0	0
0.95652175	0.04347824	0	1
0.15461616	0.84538376	1	1
0.005193796	0.99480623	1	1
0.002733313	0.99726665	1	1
0.008168493	0.9918315	1	1
0.9894084	0.010591554	0	1
0.0008314624	0.9991685	1	1
0.0007759106	0.99922407	1	1
0.99560356	0.0043964777	0	1
0.99801195	0.0019879888	0	0
0.6792301	0.32076988	0	0
0.0120718395	0.9879282	1	1
0.0015132286	0.99848676	1	1
0.0013189863	0.998681	1	1
0.31379083	0.6862092	1	1
0.0008083166	0.9991917	1	1
0.0007566376	0.9992434	1	1
0.0008483115	0.9991517	1	1
0.00082220254	0.99917775	1	1
0.99551165	0.0044883373	0	1
0.9983101	0.0016899689	0	0
0.000945224	0.99905473	1	1
0.000651378	0.9993486	1	1
0.0013806465	0.9986193	1	1
0.00064547395	0.99935454	1	1
0.0008080178	0.99919194	1	1
0.9986166	0.0013834534	0	0
0.0033252744	0.9966748	1	1
0.99885	0.0011499504	0	0
0.0012905956	0.99870944	1	1
0.00060852786	0.99939144	1	1
0.0020365075	0.99796355	1	0
0.005422683	0.9945773	1	0
0.9985648	0.0014352745	0	0
0.000869408	0.99913067	1	1
0.9986916	0.001308385	0	0
0.000754111	0.9992459	1	1
0.00091006653	0.99908996	1	1
0.0037288335	0.99627113	1	1
0.9988951	0.0011049671	0	0
0.999059	0.0009409403	0	0
0.9946785	0.005321554	0	1
0.0006208136	0.99937916	1	1
0.0012675439	0.9987325	1	1
0.9958774	0.004122611	0	0
0.9970204	0.0029795733	0	1
0.0012384003	0.99876165	1	1
0.9768072	0.023192842	0	1
0.120479874	0.8795201	1	1
0.0018061481	0.9981939	1	1
0.043978643	0.9560213	1	1
0.001450286	0.99854964	1	1
0.00067276857	0.9993273	1	1
0.9986773	0.0013226557	0	0
0.00070250104	0.9992975	1	1
0.003120461	0.9968796	1	1
0.0008700353	0.99912995	1	1
0.8828853	0.11711476	0	0
0.0007168852	0.99928313	1	1
0.9978161	0.0021838602	0	0
0.0010732398	0.9989267	1	1
0.9978927	0.0021073301	0	0
0.99870944	0.0012905975	0	0
0.0006046204	0.9993954	1	1
0.02617946	0.97382057	1	1
0.0027948413	0.9972051	1	1
0.998985	0.0010149445	0	0
0.0043183337	0.99568164	1	0
0.9957768	0.0042232494	0	1
0.06314486	0.9368551	1	1
0.021495085	0.9785049	1	1
0.0013073251	0.9986927	1	1
0.0043547614	0.9956453	1	1
0.005354195	0.99464583	1	1
0.00078899745	0.99921095	1	1
0.0061996733	0.99380034	1	1
0.99857104	0.0014289	0	0
0.9989304	0.0010695959	0	0
0.99814093	0.001859055	0	0
0.9981862	0.0018137868	0	0
0.68056214	0.31943786	0	1
0.0038583938	0.9961416	1	1
0.0023280748	0.9976719	1	1
0.0024350097	0.99756503	1	0
0.0010106696	0.9989893	1	1
0.001096623	0.9989034	1	1
0.9985165	0.0014835225	0	0
0.123990335	0.87600964	1	1
0.99613297	0.0038670872	0	1
0.9986457	0.0013542979	0	0
0.0011187339	0.9988813	1	1
0.0012758754	0.99872416	1	1
0.000784672	0.99921536	1	1
0.13347784	0.8665222	1	1
0.96791816	0.03208188	0	1
0.007162799	0.99283725	1	1
0.020787368	0.97921264	1	1
0.9898093	0.010190664	0	1
0.005254433	0.9947456	1	1
0.0008296422	0.9991704	1	1
0.21614659	0.7838534	1	0
0.997619	0.0023810498	0	1
0.00055787	0.99944216	1	1
0.000655329	0.99934465	1	1
0.002794265	0.9972057	1	0
0.99892265	0.0010773075	0	0
0.01505992	0.9849401	1	1
0.001037472	0.9989625	1	1
0.001254647	0.9987453	1	1
0.00093072833	0.9990693	1	1
0.0015513913	0.9984486	1	1
0.99890065	0.0010993571	0	0
0.77847177	0.2215282	0	1
0.028468769	0.9715313	1	0
0.96557516	0.034424834	0	1
0.04491736	0.9550826	1	1
0.0061402363	0.99385977	1	1
0.9942859	0.005714072	0	1
0.0058319014	0.99416804	1	1
0.0008528616	0.9991472	1	1
0.0017758622	0.9982241	1	1
0.99759716	0.0024027901	0	0
0.99523085	0.0047691255	0	0
0.0019106442	0.9980894	1	0
0.00065565313	0.9993443	1	1
0.0020638725	0.9979361	1	1
0.0028294174	0.9971706	1	1
0.99786913	0.0021308234	0	0
0.0021669578	0.9978331	1	1
0.0010583723	0.9989416	1	1
0.012161553	0.9878385	1	1
0.0010431967	0.9989568	1	1
0.014687637	0.9853124	1	1
0.9983272	0.0016728353	0	1
0.0017440212	0.998256	1	1
0.0012522509	0.9987477	1	1
0.99836737	0.0016326273	0	0
0.0016756952	0.99832433	1	1
0.00075573183	0.99924433	1	1
0.0030553478	0.9969446	1	1
0.0012261902	0.99877375	1	1
0.0009916646	0.99900836	1	1
0.9962431	0.0037569378	0	0
0.9970265	0.0029734827	0	0
0.98816186	0.011838134	0	1
0.99887806	0.0011219677	0	0
0.021466438	0.97853357	1	1
0.0007515778	0.99924845	1	1
0.0025685998	0.99743146	1	1
0.0030288543	0.99697113	1	1
0.99862444	0.0013755641	0	0
0.0011464702	0.99885356	1	0
0.0059044603	0.99409556	1	1
0.0005704092	0.9994295	1	1
0.34606308	0.653937	1	1
0.0014949796	0.998505	1	1
0.0014601571	0.9985398	1	1
0.0015576474	0.99844235	1	1
0.9985576	0.001442339	0	0
0.998868	0.0011320536	0	0
0.0016808256	0.9983191	1	1
0.002067672	0.9979323	1	1
0.00071564765	0.9992843	1	1
0.0008199903	0.99918	1	1
0.0014509982	0.9985489	1	1
0.9987093	0.0012906366	0	0
0.0056892424	0.99431074	1	1
0.010789324	0.9892106	1	1
0.0021460617	0.99785393	1	1
0.0007470328	0.999253	1	1
0.0029035264	0.99709654	1	0
0.0007338494	0.9992662	1	1
0.0032355585	0.9967644	1	1
0.002607686	0.9973923	1	1
0.018681606	0.9813184	1	1
0.9983883	0.0016117434	0	0
0.0017802549	0.9982198	1	0
0.00094363635	0.9990564	1	1
0.99859995	0.001400117	0	0
0.9957838	0.0042161923	0	1
0.99380046	0.0061995294	0	1
0.0009619934	0.999038	1	1
0.0014922579	0.9985077	1	1
0.6834296	0.31657046	0	1
0.0010184393	0.99898154	1	1
0.9980444	0.0019556677	0	1
0.9794897	0.020510329	0	1
0.0022949972	0.99770504	1	1
0.00065312797	0.9993469	1	1
0.99753284	0.002467106	0	0
0.001056544	0.9989435	1	1
0.0044461354	0.9955539	1	0
0.9974922	0.0025077679	0	0
0.6985146	0.30148542	0	1
0.0045296033	0.9954704	1	1
0.003129742	0.9968702	1	1
0.9976688	0.0023312066	0	1
0.99873894	0.0012610615	0	0
0.002956095	0.9970439	1	1
0.99856704	0.0014330442	0	1
0.00065542385	0.9993445	1	1
0.99882525	0.0011747048	0	0
0.9973314	0.0026686115	0	0
0.00070345536	0.99929655	1	1
0.0017029388	0.99829704	1	0
0.0009224855	0.99907744	1	1
0.00056957366	0.99943036	1	1
0.9987457	0.0012542754	0	0
0.9987255	0.0012744694	0	0
0.016678276	0.9833218	1	1
0.9988016	0.0011984046	0	0
0.9850122	0.014987776	0	0
0.0030956946	0.9969043	1	1
0.9920962	0.0079037305	0	1
0.000601684	0.99939835	1	1
0.0009432597	0.99905676	1	1
0.0008671213	0.99913293	1	1
0.00084889366	0.9991511	1	1
0.0012137631	0.9987863	1	1
0.0012330431	0.998767	1	1
0.02695821	0.97304183	1	1
0.0012234556	0.9987765	1	1
0.00087350997	0.9991265	1	1
0.0010525736	0.99894744	1	1
0.009018685	0.9909813	1	1
0.0011170113	0.99888295	1	1
0.0013522407	0.99864775	1	1
0.00096298615	0.999037	1	1
0.0035792293	0.99642074	1	1
0.99665713	0.003342848	0	0
0.9990079	0.000992139	0	0
0.0058885617	0.9941115	1	1
0.00069524173	0.9993048	1	1
0.0023526598	0.99764735	1	1
0.0006800567	0.9993199	1	1
0.9989411	0.0010588927	0	0
0.0010995002	0.99890053	1	1
0.99846506	0.0015349728	0	0
0.042067043	0.9579329	1	1
0.0010018655	0.9989981	1	1
0.001185337	0.9988147	1	1
0.99900395	0.0009961028	0	0
0.0015598352	0.9984402	1	1
0.9986332	0.001366734	0	0
0.08368281	0.91631716	1	1
0.2697666	0.7302335	1	1
0.0007629403	0.99923706	1	1
0.0017635468	0.9982364	1	1
0.00082274654	0.9991773	1	1
0.0039996374	0.99600035	1	1
0.7289358	0.27106425	0	0
0.0009941023	0.999006	1	1
0.978084	0.021915993	0	0
0.23447627	0.7655238	1	0
0.0007799515	0.99922	1	1
0.0015369348	0.99846303	1	1
0.1573782	0.84262186	1	1
0.0018388333	0.99816114	1	1
0.007820757	0.9921793	1	1
0.9977991	0.0022008817	0	0
0.9811983	0.018801691	0	1
0.13225894	0.86774105	1	1
0.0021114352	0.9978886	1	1
0.0031727988	0.9968272	1	0
0.99890006	0.0010999396	0	0
0.0011499482	0.99885	1	1
0.0009187537	0.99908125	1	1
0.0018076091	0.99819237	1	1
0.09818267	0.9018173	1	1
0.044010535	0.9559895	1	1
0.01727614	0.9827239	1	1
0.0006395948	0.9993604	1	1
0.235285	0.764715	1	0
0.000770581	0.99922943	1	1
0.9986614	0.0013386077	0	0
0.9990632	0.0009368267	0	0
0.13388522	0.86611485	1	1
0.0025805922	0.99741936	1	1
0.0008066538	0.9991934	1	1
0.9986249	0.0013750965	0	0
0.99638665	0.0036133428	0	0
0.0012767214	0.9987232	1	1
0.99468946	0.005310613	0	0
0.0023939733	0.99760604	1	1
0.0040038796	0.9959961	1	1
0.004461699	0.9955383	1	1
0.9905749	0.009425118	0	0
0.006364068	0.9936359	1	1
0.0048184087	0.9951816	1	1
0.9404706	0.059529424	0	1
0.0023931717	0.99760675	1	1
0.013599615	0.98640037	1	1
0.007065792	0.9929342	1	1
0.010571063	0.98942894	1	1
0.9988918	0.0011082444	0	0
0.99863726	0.0013627452	0	1
0.9989304	0.0010695511	0	0
0.018908193	0.98109186	1	1
0.99662673	0.0033732473	0	0
0.8963469	0.103653096	0	1
0.00223481	0.9977652	1	1
0.99893135	0.0010686743	0	0
0.9982305	0.001769529	0	0
0.0008942449	0.99910575	1	1
0.99890864	0.0010913195	0	0
0.0007734133	0.99922657	1	1
0.0051988517	0.99480116	1	1
0.025097335	0.97490263	1	1
0.97184324	0.028156685	0	0
0.9970003	0.0029997332	0	0
0.987909	0.012091054	0	1
0.00071660476	0.9992834	1	1
0.0074361083	0.9925639	1	1
0.99888355	0.0011164161	0	0
0.0007329142	0.99926704	1	1
0.0010121656	0.99898785	1	1
0.9932366	0.0067633702	0	0
0.006569528	0.99343044	1	1
0.002607686	0.9973923	1	1
0.99545753	0.0045425226	0	0
0.0017906313	0.99820936	1	1
0.9986964	0.0013035956	0	0
0.0058659343	0.9941341	1	1
0.99740064	0.0025993774	0	0
0.0007750106	0.999225	1	1
0.0010921047	0.9989079	1	0
0.00071562827	0.99928445	1	1
0.9409064	0.059093617	0	1
0.9587406	0.041259423	0	0
0.0010558546	0.9989441	1	1
0.94853616	0.051463872	0	1
0.9989465	0.001053503	0	0
0.97892034	0.021079727	0	1
0.0064373617	0.9935627	1	1
0.96547127	0.034528762	0	1
0.00079949107	0.9992005	1	1
0.9969854	0.0030146441	0	0
0.0007730345	0.9992269	1	1
0.0013501277	0.9986499	1	1
0.0017581577	0.9982419	1	1
0.23749322	0.7625067	1	1
0.99872917	0.0012707731	0	0
0.8277251	0.17227492	0	0
0.0010387978	0.9989612	1	1
0.10809723	0.8919028	1	1
0.001000319	0.99899966	1	1
0.0467158	0.95328414	1	1
0.008913203	0.9910868	1	0
0.0018085954	0.9981914	1	1
0.0007610241	0.99923897	1	1
0.0013931793	0.99860686	1	1
0.00363112	0.9963689	1	1
0.9889225	0.011077593	0	1
0.000924261	0.9990758	1	1
0.0011918998	0.99880815	1	1
0.0011904191	0.9988096	1	1
0.9638803	0.036119733	0	1
0.9879495	0.012050555	0	0
0.98871464	0.011285371	0	1
0.99881554	0.0011844666	0	0
0.0063188183	0.9936812	1	1
0.00064755406	0.9993524	1	1
0.0042858035	0.9957141	1	0
0.0006046201	0.9993954	1	1
0.0010172563	0.9989827	1	1
0.00067376916	0.9993262	1	1
0.0026417756	0.99735814	1	1
0.00095274986	0.9990472	1	1
0.0012137631	0.9987863	1	1
0.99836165	0.0016383218	0	0
0.0016126789	0.99838734	1	1
0.00087454927	0.9991254	1	1
0.019808806	0.98019123	1	1
0.0008891476	0.9991109	1	1
0.0006488767	0.9993511	1	1
0.20110115	0.7988988	1	1
0.00086922577	0.9991308	1	1
0.9980773	0.001922684	0	1
0.9968418	0.0031582143	0	1
0.9989513	0.0010486001	0	0
0.99847084	0.0015291134	0	0
0.9987846	0.0012153699	0	0
0.9982509	0.001749039	0	0
0.00068954646	0.9993105	1	1
0.00063589355	0.9993641	1	1
0.0718502	0.9281498	1	1
0.99219704	0.0078029577	0	1
0.0010722714	0.99892765	1	1
0.9963056	0.0036944447	0	0
0.013074679	0.98692536	1	1
0.9989033	0.0010966574	0	0
0.0030948662	0.99690515	1	1
0.9983151	0.0016849797	0	1
0.00090208434	0.99909794	1	1
0.020703191	0.97929674	1	0
0.0058595	0.99414045	1	0
0.0019099251	0.9980901	1	1
0.001452221	0.99854773	1	1
0.99505436	0.004945627	0	1
0.0016376529	0.99836236	1	0
0.001031113	0.99896884	1	1
0.9969694	0.0030305942	0	0
0.0059458194	0.99405426	1	1
0.0010848994	0.9989151	1	1
0.9987871	0.0012128656	0	0
0.26313183	0.7368682	1	1
0.0008675316	0.99913245	1	1
0.9978612	0.002138773	0	1
0.5518188	0.44818124	0	1
0.031284023	0.968716	1	0
0.99879897	0.0012010765	0	0
0.40246543	0.59753454	1	1
0.0012641437	0.99873585	1	1
0.00090338744	0.99909663	1	1
0.9989556	0.0010443984	0	1
0.0021936295	0.9978064	1	1
0.00061867066	0.9993813	1	1
0.0014874168	0.99851257	1	1
0.0018778086	0.99812216	1	1
0.001318985	0.998681	1	1
0.9988319	0.0011680779	0	0
0.00093636225	0.9990637	1	1
0.99877614	0.001223799	0	0
0.99686426	0.0031356956	0	0
0.99900585	0.0009941107	0	0
0.9988997	0.0011002959	0	0
0.41025248	0.5897475	1	0
0.0046661813	0.99533385	1	1
0.99767405	0.0023259693	0	0
0.9987644	0.0012355791	0	0
0.9986939	0.0013061216	0	0
0.99701405	0.002985946	0	0
0.004203699	0.9957963	1	1
0.998982	0.0010179125	0	0
0.9653359	0.034664124	0	1
0.001666587	0.9983334	1	0
0.99733585	0.0026640755	0	1
0.28313193	0.71686804	1	1
0.9987772	0.001222745	0	0
0.0026994827	0.99730057	1	0
0.99058306	0.009416939	0	1
0.02521958	0.9747804	1	1
0.9969441	0.0030558128	0	0
0.00079188886	0.99920815	1	1
0.99801934	0.0019806158	0	1
0.0016232242	0.9983767	1	1
0.0969204	0.9030796	1	1
0.0015526356	0.99844736	1	1
0.0009575867	0.99904233	1	1
0.0020566666	0.99794334	1	1
0.0022902766	0.99770975	1	1
0.9990534	0.00094657	0	0
0.0015028312	0.9984971	1	1
0.00056700915	0.999433	1	1
0.031880762	0.96811926	1	1
0.000802311	0.99919766	1	1
0.0022915024	0.99770844	1	1
0.9989742	0.0010258255	0	0
0.00065686496	0.9993431	1	1
0.9986565	0.0013434655	0	0
0.0012186564	0.9987814	1	1
0.000676931	0.9993231	1	1
0.99859756	0.0014023781	0	0
0.998696	0.0013039868	0	0
0.025857136	0.97414285	1	1
0.99605125	0.00394877	0	1
0.0009963148	0.9990037	1	1
0.0007356643	0.9992643	1	1
0.0007185439	0.99928147	1	1
0.013567828	0.98643214	1	1
0.0010982627	0.9989017	1	1
0.0012841386	0.9987159	1	1
0.9854394	0.014560656	0	0
0.0010534753	0.9989465	1	1
0.0009670159	0.999033	1	1
0.13170186	0.8682982	1	1
0.42044958	0.57955045	1	1
0.0015735198	0.99842656	1	1
0.98973113	0.010268839	0	0
0.0014493259	0.9985507	1	1
0.657617	0.3423831	0	1
0.4690284	0.5309716	1	1
0.0063952683	0.9936047	1	1
0.0013418862	0.99865806	1	1
0.044771053	0.955229	1	1
0.005662206	0.99433786	1	1
0.009248375	0.9907516	1	0
0.0011895078	0.9988105	1	1
0.0008653685	0.9991346	1	0
0.0031057426	0.99689424	1	1
0.00085703016	0.999143	1	1
0.0006959139	0.99930406	1	1
0.0006668072	0.9993332	1	1
0.0019369269	0.998063	1	1
0.9982712	0.0017288177	0	1
0.9774095	0.02259048	0	1
0.0028627736	0.9971372	1	1
0.9901121	0.009887929	0	1
0.00094813877	0.99905187	1	1
0.0024407476	0.9975592	1	1
0.0036463165	0.99635375	1	1
0.0006184561	0.99938154	1	1
0.0008199903	0.99918	1	1
0.99852127	0.0014787961	0	0
0.99879503	0.001204991	0	0
0.0009790633	0.99902093	1	1
0.0019175648	0.9980824	1	1
0.9977132	0.0022867857	0	0
0.00062590686	0.9993741	1	1
0.004165366	0.9958346	1	1
0.0038902634	0.9961098	1	1
0.0031533255	0.9968466	1	1
0.0020142596	0.9979857	1	1
0.0020390488	0.9979609	1	1
0.0006626226	0.9993374	1	1
0.6581591	0.34184092	0	1
0.0008510436	0.99914896	1	1
0.0029523196	0.9970477	1	1
0.0039887833	0.99601126	1	1
0.20515382	0.7948462	1	1
0.99575126	0.004248755	0	1
0.9986168	0.0013832076	0	0
0.99073505	0.009264923	0	0
0.9977598	0.0022401325	0	0
0.0068620257	0.9931379	1	1
0.0007982738	0.9992017	1	1
0.004854533	0.9951455	1	1
0.9986835	0.001316517	0	0
0.0058408547	0.9941591	1	1
0.062195785	0.9378042	1	1
0.0009923347	0.99900764	1	1
0.0029002056	0.9970999	1	0
0.95970756	0.040292434	0	0
0.99542254	0.0045773974	0	1
0.00075569726	0.99924433	1	1
0.9973483	0.0026516872	0	0
0.00104038	0.99895966	1	1
0.002896439	0.9971035	1	1
0.7374681	0.26253188	0	1
0.005976069	0.994024	1	1
0.001971322	0.9980287	1	1
0.00074441265	0.9992556	1	1
0.00072618853	0.99927384	1	1
0.00084355817	0.9991565	1	1
0.99890494	0.0010950884	0	0
0.00076107343	0.99923897	1	1
0.0067270244	0.9932729	1	0
0.024814077	0.97518593	1	1
0.0012059308	0.9987941	1	1
0.0012290716	0.9987709	1	1
0.99821836	0.0017816195	0	0
0.00085153675	0.9991485	1	1
0.020170033	0.97983	1	1
0.00075736194	0.99924266	1	1
0.002387457	0.9976126	1	1
0.9983912	0.0016087198	0	0
0.95381564	0.04618436	0	0
0.0010166973	0.9989833	1	1
0.07305718	0.9269428	1	1
0.9966899	0.003310021	0	1
0.0071897567	0.99281025	1	1
0.0011131157	0.9988869	1	1
0.57663995	0.42336005	0	1
0.003957916	0.99604213	1	0
0.0017423317	0.9982577	1	1
0.9981034	0.0018965625	0	0
0.9936255	0.0063745254	0	1
0.0011068296	0.9988932	1	1
0.0050948807	0.9949051	1	1
0.0063934983	0.99360645	1	1
0.0009862329	0.9990138	1	1
0.9984302	0.0015697313	0	0
0.0011401067	0.9988599	1	1
0.0018696918	0.9981304	1	1
0.99886227	0.0011377481	0	0
0.0017670995	0.99823284	1	1
0.0007357338	0.9992643	1	1
0.014015746	0.98598427	1	1
0.0006280698	0.99937195	1	1
0.9332966	0.066703394	0	1
0.00070560427	0.9992944	1	1
0.9891264	0.010873611	0	1
0.0018662333	0.99813384	1	1
0.76772773	0.23227227	0	0
0.9963251	0.0036749544	0	0
0.01598905	0.984011	1	1
0.00068535743	0.99931467	1	1
0.9920987	0.007901267	0	0
0.99700207	0.002997934	0	0
0.058469854	0.94153017	1	1
0.10247567	0.89752436	1	1
0.004739724	0.9952603	1	1
0.0019582624	0.99804175	1	1
0.00097280066	0.99902725	1	1
0.99889576	0.0011042072	0	0
0.9895975	0.010402481	0	1
0.00076335785	0.9992367	1	1
0.0006531553	0.9993468	1	1
0.8386139	0.1613861	0	0
0.0023752665	0.9976247	1	1
0.00066742004	0.9993326	1	1
0.0038663486	0.9961337	1	1
0.99832445	0.0016754972	0	0
0.9878413	0.012158699	0	1
0.0010052271	0.99899477	1	1
0.0007942391	0.99920577	1	1
0.029444264	0.9705557	1	1
0.0009969847	0.999003	1	1
0.9981104	0.001889544	0	0
0.9983778	0.0016221342	0	0
0.009289102	0.9907109	1	1
0.0005447338	0.9994553	1	1
0.9979873	0.0020127343	0	0
0.0009925951	0.9990074	1	1
0.5117622	0.48823783	0	0
0.001557904	0.9984421	1	1
0.0030468744	0.9969531	1	0
0.9986608	0.0013391911	0	0
0.0006545101	0.9993455	1	1
0.0019558345	0.99804413	1	1
0.011504228	0.9884957	1	1
0.99878496	0.0012150772	0	0
0.0018604262	0.9981396	1	1
0.0013018951	0.9986981	1	1
0.9988507	0.0011492957	0	0
0.0031256238	0.99687433	1	0
0.99792045	0.0020795986	0	0
0.0022094524	0.9977906	1	1
0.9987657	0.0012343541	0	0
0.999038	0.000962032	0	0
0.0010464181	0.9989536	1	1
0.0015094221	0.9984906	1	1
0.99848264	0.0015174053	0	0
0.99812406	0.0018759865	0	0
0.001038827	0.9989612	1	1
0.99884677	0.0011532431	0	0
0.001465297	0.9985347	1	1
0.058726735	0.94127333	1	1
0.0053926306	0.9946074	1	1
0.9697426	0.030257443	0	1
0.0013056415	0.99869436	1	1
0.00067998026	0.99932003	1	0
0.9989685	0.0010314987	0	0
0.0045038844	0.99549615	1	1
0.0027906825	0.99720937	1	1
0.9890197	0.010980275	0	0
0.5556876	0.44431242	0	1
0.9659298	0.034070108	0	1
0.0009818265	0.9990182	1	1
0.9933882	0.006611771	0	1
0.12896764	0.87103236	1	0
0.998273	0.0017269497	0	0
0.9986292	0.0013708436	0	0
0.0023272398	0.99767274	1	1
0.99761057	0.0023894124	0	0
0.34748766	0.6525124	1	0
0.0009957684	0.9990043	1	1
0.0011771977	0.99882275	1	1
0.00098824	0.99901175	1	1
0.9989894	0.0010106345	0	0
0.0005529979	0.99944705	1	1
0.99886405	0.0011359964	0	0
0.00057476625	0.9994253	1	1
0.0017565959	0.99824345	1	1
0.00089451123	0.9991055	1	1
0.0016571466	0.9983429	1	1
0.9962864	0.0037136322	0	1
0.0014176557	0.99858236	1	1
0.0018064557	0.99819356	1	1
0.0008303132	0.9991697	1	1
0.3086727	0.6913273	1	1
0.9988439	0.001156077	0	0
0.0016028236	0.9983972	1	1
0.9970298	0.0029701723	0	0
0.99701893	0.0029810525	0	0
0.0023838438	0.9976162	1	1
0.0012633518	0.9987367	1	1
0.38772917	0.6122709	1	1
0.0020040388	0.997996	1	1
0.0011929595	0.9988071	1	1
0.0011711194	0.9988288	1	1
0.0008675767	0.99913245	1	1
0.0019177201	0.9980823	1	1
0.9984755	0.0015244989	0	0
0.6364524	0.36354762	0	1
0.0006281509	0.9993718	1	1
0.0024868455	0.9975132	1	0
0.99681276	0.003187214	0	0
0.00096423895	0.99903584	1	1
0.00085994136	0.99914	1	1
0.0012510503	0.9987489	1	1
0.96952987	0.030470144	0	1
0.0006668875	0.9993331	1	1
0.9987984	0.0012016264	0	0
0.9936558	0.0063442467	0	0
0.99372923	0.0062707434	0	1
0.0014278011	0.99857223	1	1
0.99903226	0.00096770993	0	0
0.9986014	0.0013986736	0	0
0.99510455	0.0048954464	0	0
0.0008583511	0.9991416	1	1
0.99851686	0.0014830852	0	1
0.0010089552	0.9989911	1	1
0.046735864	0.9532641	1	0
0.00084617175	0.99915385	1	1
0.96879715	0.0312029	0	1
0.0012325424	0.9987675	1	1
0.016995816	0.9830042	1	1
0.9983925	0.0016074912	0	0
0.99852765	0.001472289	0	0
0.00057275733	0.9994273	1	1
0.99122447	0.00877552	0	1
0.00073961064	0.99926037	1	1
0.9901176	0.009882403	0	1
0.0006422976	0.99935776	1	1
0.99885917	0.0011407911	0	0
0.9989498	0.0010502007	0	0
0.001998852	0.99800116	1	1
0.02443525	0.9755647	1	1
0.0016357936	0.99836415	1	1
0.94046605	0.05953394	0	0
0.99874324	0.001256767	0	0
0.0039888173	0.99601114	1	1
0.0011852933	0.9988147	1	1
0.0018648374	0.9981351	1	1
0.0033469987	0.996653	1	1
0.9969098	0.0030902782	0	0
0.0020220752	0.9979779	1	1
0.0007397304	0.99926025	1	1
0.99892455	0.0010753926	0	1
0.9978136	0.0021864094	0	0
0.010505133	0.98949486	1	1
0.000554155	0.99944586	1	1
0.99379176	0.006208276	0	0
0.0006855998	0.9993144	1	1
0.00083016325	0.9991698	1	1
0.0006439372	0.9993561	1	1
0.6330348	0.3669652	0	0
0.0011826836	0.99881727	1	1
0.29923344	0.70076656	1	1
0.99879044	0.0012096203	0	0
0.02038784	0.9796122	1	1
0.9988776	0.001122377	0	0
0.52355295	0.47644702	0	1
0.9987644	0.0012356775	0	0
0.0007263072	0.9992737	1	1
0.0010340589	0.998966	1	1
0.98432565	0.015674328	0	1
0.00071100425	0.9992889	1	1
0.0035768137	0.9964232	1	1
0.00069614867	0.9993038	1	1
0.9987803	0.001219737	0	0
0.8729545	0.12704553	0	1
0.00062495435	0.99937505	1	1
0.0011891486	0.9988109	1	1
0.002182382	0.99781764	1	1
0.99882	0.0011799211	0	0
0.99879885	0.0012010993	0	0
0.0008451725	0.9991548	1	1
0.000751572	0.99924845	1	1
0.0012490245	0.9987509	1	1
0.008162369	0.9918377	1	1
0.0014642564	0.99853575	1	1
0.00073088874	0.99926907	1	1
0.0007103348	0.99928963	1	1
0.00088604714	0.999114	1	1
0.0016291521	0.9983708	1	1
0.0010309097	0.9989691	1	1
0.0006372611	0.99936277	1	1
0.1932745	0.80672556	1	0
0.998387	0.001613089	0	0
0.0013323682	0.9986676	1	1
0.9981229	0.0018771295	0	0
0.0005502897	0.9994497	1	1
0.001155451	0.9988445	1	1
0.0008922253	0.9991078	1	1
0.9977977	0.0022023504	0	0
0.0007795117	0.9992205	1	1
0.9957261	0.00427389	0	1
0.13032857	0.8696714	1	1
0.0012263282	0.99877363	1	1
0.9989636	0.0010364248	0	0
0.0016296866	0.99837035	1	1
0.9941607	0.00583928	0	0
0.99892277	0.0010772604	0	0
0.0009770385	0.99902296	1	1
0.9686613	0.03133873	0	0
0.998429	0.0015709266	0	0
0.9986921	0.0013078904	0	0
0.9966365	0.0033635087	0	0
0.0047293766	0.99527067	1	1
0.0023558605	0.9976441	1	1
0.0010723431	0.99892765	1	1
0.9194313	0.08056874	0	1
0.0007999643	0.99920005	1	1
0.00175058	0.9982494	1	1
0.9964567	0.0035433248	0	1
0.99825007	0.0017498718	0	0
0.0013114491	0.9986885	1	1
0.0009244115	0.99907553	1	1
0.68319494	0.31680498	0	1
0.088131	0.91186905	1	0
0.99772054	0.002279381	0	1
0.0013509857	0.99864906	1	1
0.04808635	0.9519137	1	0
0.0022603106	0.9977397	1	1
0.99885726	0.001142786	0	0
0.8809902	0.11900984	0	0
0.9667983	0.033201676	0	1
0.00093806785	0.999062	1	1
0.0011826983	0.99881727	1	1
0.00079779094	0.9992022	1	1
0.030116085	0.96988386	1	1
0.9988343	0.0011656609	0	0
0.0018018435	0.9981982	1	1
0.001500077	0.9985	1	0
0.001255778	0.99874425	1	1
0.0014684427	0.9985316	1	1
0.9985108	0.0014892245	0	0
0.019577231	0.9804228	1	1
0.002561687	0.9974383	1	0
0.0020289614	0.997971	1	0
0.0008836981	0.99911624	1	1
0.9987011	0.0012989041	0	1
0.0016567545	0.9983432	1	1
0.0014116638	0.99858826	1	1
0.097493894	0.90250605	1	1
0.0010984536	0.9989015	1	1
0.0016789073	0.9983211	1	1
0.9972785	0.0027214978	0	0
0.98332053	0.01667951	0	1
0.0021863459	0.9978136	1	1
0.0007152202	0.9992848	1	1
0.0013096145	0.9986904	1	1
0.0011266995	0.9988733	1	1
0.0035994023	0.9964006	1	1
0.99901295	0.000987053	0	0
0.99881446	0.0011855791	0	0
0.99906117	0.0009388273	0	0
0.004065042	0.99593496	1	0
0.9977344	0.0022655786	0	0
0.3201186	0.6798814	1	1
0.09419485	0.9058052	1	1
0.0026177755	0.9973822	1	1
0.99732345	0.0026766316	0	1
0.001127021	0.99887294	1	1
0.9937682	0.006231764	0	0
0.0010711035	0.99892884	1	1
0.0043329457	0.995667	1	1
0.007711598	0.9922884	1	1
0.9941281	0.005871901	0	1
0.0007958574	0.9992042	1	1
0.001379262	0.99862075	1	1
0.001026043	0.99897397	1	1
0.0005845234	0.9994155	1	1
0.99833435	0.001665667	0	1
0.0037670562	0.9962329	1	1
0.0005844268	0.99941564	1	1
0.0030036832	0.9969963	1	1
0.0010492571	0.9989507	1	1
0.0011298035	0.9988702	1	1
0.004548976	0.99545103	1	1
0.75092816	0.24907179	0	1
0.9987789	0.0012210796	0	0
0.0017874552	0.9982126	1	1
0.0012066328	0.99879336	1	1
0.99495596	0.005044033	0	1
0.9981596	0.0018403936	0	0
0.0009717488	0.9990282	1	1
0.0013483315	0.9986517	1	1
0.0009762551	0.9990238	1	1
0.0013407737	0.99865925	1	0
0.9982774	0.0017225827	0	0
0.0006795333	0.9993205	1	0
0.998855	0.0011449837	0	0
0.002225603	0.9977744	1	1
0.0007475077	0.9992525	1	1
0.0014938839	0.9985061	1	1
0.03336931	0.9666307	1	0
0.0012534746	0.9987465	1	1
0.0013423004	0.9986577	1	1
0.003371268	0.9966287	1	1
0.43858668	0.56141335	1	1
0.01998165	0.9800183	1	1
0.00072673714	0.99927324	1	1
0.00081097026	0.9991891	1	1
0.054174595	0.9458254	1	1
0.99874324	0.0012567448	0	0
0.001006448	0.9989936	1	1
0.0024175027	0.99758244	1	0
0.0006859246	0.99931407	1	1
0.0007284536	0.9992716	1	1
0.0009820563	0.99901795	1	1
0.99858946	0.0014104617	0	0
0.9050177	0.094982326	0	1
0.008260179	0.99173975	1	1
0.004251085	0.9957489	1	1
0.76935285	0.23064713	0	1
0.00071104354	0.9992889	1	1
0.0030884924	0.9969116	1	1
0.11145071	0.88854927	1	1
0.0018123888	0.9981876	1	1
0.9984981	0.001501923	0	0
0.14052075	0.85947925	1	0
0.0012037473	0.9987962	1	1
0.0007573453	0.99924266	1	1
0.99852175	0.0014782851	0	1
0.00075064355	0.9992493	1	1
0.98619395	0.013806073	0	0
0.008462327	0.9915377	1	1
0.0014653109	0.9985347	1	1
0.99867505	0.0013249782	0	0
0.0013835429	0.99861646	1	1
0.0017854722	0.9982146	1	1
0.9939559	0.00604411	0	0
0.6879855	0.31201446	0	1
0.0008487716	0.99915123	1	1
0.0009268753	0.99907315	1	1
0.0040541724	0.9959459	1	1
0.0011258733	0.9988741	1	1
0.0020036937	0.9979963	1	1
0.0009557182	0.99904424	1	1
0.9775014	0.022498628	0	1
0.003235279	0.99676466	1	0
0.99816626	0.0018337143	0	1
0.9979444	0.0020555505	0	0
0.99612975	0.0038701738	0	1
0.0023025277	0.9976974	1	1
0.0017122108	0.99828774	1	1
0.000903542	0.9990965	1	1
0.0010121964	0.99898773	1	1
0.00094012835	0.99905986	1	1
0.0015360923	0.998464	1	1
0.001751613	0.99824846	1	1
0.0037644194	0.99623555	1	1
0.85597384	0.14402615	0	1
0.0008754831	0.99912447	1	1
0.002233388	0.9977666	1	1
0.005170115	0.99482995	1	1
0.00092728593	0.9990727	1	1
0.014736824	0.9852632	1	1
0.98222476	0.017775279	0	1
0.00073563383	0.9992644	1	1
0.00361215	0.99638784	1	1
0.5933061	0.4066939	0	1
0.0043887803	0.99561125	1	1
0.5737114	0.42628863	0	1
0.0034803767	0.9965197	1	1
0.0006260268	0.999374	1	0
0.0030488363	0.9969511	1	1
0.0010229562	0.99897707	1	1
0.0017426327	0.99825734	1	1
0.6637789	0.3362211	0	1
0.25291997	0.7470801	1	1
0.9812494	0.018750638	0	1
0.9985134	0.0014865381	0	1
0.9984457	0.001554339	0	0
0.005333412	0.9946666	1	1
0.99802834	0.0019716602	0	1
0.9990607	0.0009393136	0	0
0.00064274645	0.9993573	1	1
0.0019239198	0.9980761	1	1
0.0016263912	0.9983736	1	1
0.0011408329	0.99885917	1	1
0.00064097275	0.9993591	1	1
0.012958098	0.98704195	1	1
0.00085855817	0.99914145	1	1
0.0009962963	0.9990037	1	1
0.041946616	0.95805335	1	1
0.0012907829	0.9987092	1	1
0.18305227	0.81694776	1	1
0.0022993097	0.99770075	1	1
0.0012916483	0.99870837	1	1
0.0023279705	0.997672	1	1
0.0012354832	0.9987645	1	1
0.0018881416	0.99811184	1	1
0.96470135	0.03529865	0	0
0.00086980115	0.9991302	1	1
0.0014061326	0.99859387	1	1
0.027852235	0.9721478	1	0
0.99894875	0.0010512377	0	0
0.0015854005	0.99841464	1	1
0.799061	0.20093903	0	1
0.9967975	0.003202558	0	0
0.9946733	0.005326708	0	0
0.9923907	0.0076093655	0	0
0.010122066	0.98987794	1	0
0.6602765	0.33972356	0	1
0.0007460293	0.9992539	1	1
0.0008487117	0.99915123	1	1
0.9917462	0.008253788	0	1
0.0006671466	0.99933285	1	1
0.0011431496	0.9988569	1	1
0.00079811225	0.99920195	1	1
0.0010373659	0.99896264	1	1
0.011456743	0.9885433	1	1
0.9964976	0.0035024835	0	0
0.99854183	0.0014581422	0	0
0.0014467286	0.9985532	1	0
0.0018587993	0.99814117	1	0
0.034575064	0.9654249	1	1
0.0069099744	0.9930901	1	1
0.5972115	0.40278852	0	1
0.9981511	0.0018488492	0	0
0.00077212276	0.9992279	1	1
0.0014457686	0.99855417	1	1
0.998869	0.0011310161	0	0
0.0017228731	0.9982772	1	1
0.0017232707	0.9982767	1	1
0.0012779605	0.998722	1	1
0.9958145	0.0041854978	0	1
0.94734627	0.05265374	0	0
0.85736096	0.14263903	0	1
0.99800664	0.00199342	0	0
0.21216388	0.78783613	1	0
0.99874675	0.0012532765	0	0
0.0008900605	0.9991099	1	1
0.0006965276	0.99930346	1	1
0.0009793511	0.9990207	1	1
0.00060091884	0.99939907	1	1
0.0021120976	0.9978879	1	1
0.0007669269	0.9992331	1	1
0.0014156051	0.9985844	1	0
0.0014404462	0.99855953	1	1
0.0012662719	0.9987337	1	1
0.99813277	0.0018672104	0	0
0.8646721	0.13532782	0	1
0.9978759	0.0021240644	0	0
0.9990181	0.0009819588	0	0
0.0020751352	0.9979248	1	1
0.9979323	0.002067723	0	0
0.99772125	0.0022787526	0	0
0.0017418823	0.9982582	1	1
0.9774685	0.022531565	0	0
0.00058189256	0.99941814	1	1
0.0014951419	0.9985049	1	1
0.9984712	0.0015287596	0	0
0.9436114	0.05638864	0	0
0.0013133066	0.99868673	1	1
0.0022738567	0.99772614	1	1
0.5142949	0.48570505	0	0
0.0013589206	0.9986411	1	1
0.0037024585	0.99629754	1	1
0.00078328984	0.9992167	1	1
0.00057064084	0.9994293	1	1
0.0013714528	0.9986286	1	1
0.00093636225	0.9990637	1	1
0.9851171	0.014882868	0	0
0.9983835	0.0016164313	0	0
0.0011157187	0.99888426	1	1
0.0009087347	0.99909127	1	1
0.99357384	0.00642608	0	1
0.99067545	0.00932448	0	1
0.96648675	0.03351333	0	1
0.9979498	0.002050203	0	0
0.9955455	0.004454493	0	0
0.987379	0.012620956	0	0
0.00093734683	0.9990627	1	1
0.00064041367	0.99935955	1	1
0.48480994	0.5151901	1	0
0.0066869003	0.99331313	1	1
0.0028973205	0.9971027	1	1
0.0007871032	0.99921286	1	1
0.9930328	0.0069672093	0	1
0.0026569448	0.9973431	1	0
0.001032778	0.9989672	1	1
0.99849975	0.001500244	0	0
0.0010571239	0.9989429	1	1
0.9897167	0.010283272	0	1
0.0017054391	0.99829453	1	1
0.9984692	0.0015308472	0	0
0.0012078955	0.9987921	1	1
0.99883527	0.001164748	0	0
0.0005462499	0.9994537	1	1
0.0458452	0.95415473	1	1
0.00074566714	0.9992543	1	1
0.001304923	0.9986951	1	1
0.002166899	0.9978331	1	1
0.0007025995	0.9992974	1	1
0.72501564	0.27498436	0	1
0.0011714213	0.9988286	1	1
0.0008834548	0.9991165	1	0
0.004979344	0.9950206	1	1
0.99854726	0.0014527604	0	0
0.9988111	0.0011888393	0	0
0.0009095776	0.99909043	1	1
0.99907243	0.00092752103	0	0
0.0010747013	0.99892527	1	1
0.0017354658	0.9982646	1	1
0.87167203	0.12832797	0	1
0.021983113	0.97801685	1	1
0.91195965	0.08804031	0	0
0.0009042856	0.9990957	1	1
0.88212425	0.11787573	0	1
0.08964253	0.9103575	1	1
0.99826944	0.0017305195	0	0
0.0008798581	0.9991202	1	1
0.0007450137	0.999255	1	1
0.004599098	0.99540097	1	1
0.008218791	0.9917812	1	1
0.001066666	0.9989334	1	1
0.05977405	0.940226	1	1
0.000658303	0.99934167	1	1
0.99705315	0.0029467957	0	1
0.00079987594	0.99920017	1	0
0.9970529	0.0029470606	0	1
0.99866617	0.0013338233	0	1
0.0066014626	0.99339855	1	1
0.0012598778	0.99874014	1	1
0.99841297	0.0015870649	0	0
0.0014156037	0.9985844	1	1
0.0007073773	0.9992926	1	1
0.0017247011	0.9982753	1	1
0.99710184	0.0028980921	0	0
0.0006584765	0.99934155	1	1
0.0009474146	0.9990526	1	0
0.0017924273	0.99820757	1	1
0.0025907108	0.9974093	1	1
0.9989286	0.0010714133	0	0
0.00064346567	0.99935657	1	1
0.3864437	0.6135563	1	1
0.9936872	0.0063128034	0	1
0.0021581005	0.99784184	1	1
0.7949376	0.20506231	0	1
0.7664108	0.23358916	0	1
0.0028431627	0.99715686	1	1
0.0014123733	0.9985876	1	1
0.0045035887	0.9954964	1	0
0.0008755958	0.99912447	1	1
0.9866389	0.013361081	0	1
0.9989642	0.0010358633	0	0
0.0007310138	0.99926895	1	1
0.7113314	0.28866854	0	0
0.9989235	0.0010764905	0	0
0.000560722	0.9994393	1	1
0.9869305	0.013069498	0	0
0.9982261	0.0017738718	0	0
0.004461231	0.9955388	1	1
0.9978048	0.0021951706	0	0
0.0033898798	0.9966101	1	1
0.0027985028	0.99720156	1	1
0.0017495187	0.9982504	1	1
0.0010181899	0.9989818	1	1
0.9977876	0.0022124148	0	0
0.0011794503	0.9988205	1	0
0.9978096	0.002190486	0	0
0.0010731646	0.9989268	1	1
0.9985593	0.0014406628	0	0
0.004280787	0.99571925	1	1
0.00075939705	0.99924064	1	1
0.0011598793	0.99884015	1	1
0.9981335	0.0018665262	0	0
0.9985474	0.0014526395	0	0
0.00073329324	0.9992667	1	1
0.0010761268	0.99892384	1	1
0.9988318	0.0011681942	0	0
0.00060761505	0.9993924	1	1
0.99442023	0.005579761	0	1
0.9987853	0.0012147278	0	0
0.9980698	0.001930182	0	0
0.057252936	0.9427471	1	1
0.0008602967	0.99913967	1	1
0.002232658	0.9977673	1	1
0.0006041267	0.99939585	1	1
0.9985916	0.0014083586	0	0
0.01964433	0.9803556	1	1
0.0011115406	0.99888843	1	1
0.041537613	0.9584624	1	1
0.9856592	0.014340805	0	0
0.9947635	0.005236436	0	0
0.0006330606	0.99936694	1	1
0.003421959	0.99657804	1	1
0.017028436	0.9829716	1	1
0.001252252	0.9987477	1	1
0.0017205914	0.99827945	1	1
0.9981502	0.0018497744	0	0
0.998879	0.0011209821	0	0
0.0006860704	0.99931395	1	1
0.08759556	0.9124044	1	1
0.0020832822	0.99791676	1	0
0.00060634466	0.9993937	1	1
0.46429515	0.53570485	1	1
0.0018473935	0.99815255	1	1
0.997543	0.002457017	0	0
0.009294738	0.9907053	1	1
0.9971704	0.0028295922	0	1
0.0010206854	0.9989793	1	1
0.0009000444	0.99909997	1	1
0.0012718835	0.9987281	1	1
0.0007404915	0.99925953	1	1
0.99344337	0.006556607	0	0
0.0028655925	0.99713445	1	1
0.61810213	0.38189787	0	1
0.0010849981	0.99891496	1	1
0.0018712211	0.99812883	1	1
0.00086413877	0.9991359	1	1
0.9987477	0.0012523262	0	0
0.0007240311	0.999276	1	1
0.9943351	0.005664821	0	1
0.00072075624	0.9992792	1	1
0.0014175301	0.9985825	1	1
0.0015267208	0.9984732	1	1
0.996209	0.003790973	0	0
0.6161773	0.38382265	0	1
0.9988978	0.0011022378	0	0
0.0015617054	0.9984383	1	1
0.0019588796	0.9980411	1	1
0.95092297	0.04907704	0	1
0.055594873	0.94440514	1	1
0.97883	0.02117001	0	1
0.9959914	0.0040085833	0	0
0.98951215	0.010487865	0	0
0.0008218313	0.9991781	1	1
0.001389684	0.99861026	1	1
0.027037349	0.9729627	1	1
0.9966395	0.003360495	0	1
0.9990387	0.00096136593	0	0
0.0011534123	0.99884653	1	1
0.0015981329	0.9984018	1	1
0.99823284	0.0017671282	0	1
0.0019088989	0.99809104	1	0
0.7688371	0.23116283	0	0
0.99901605	0.0009839803	0	0
0.0146824345	0.98531765	1	1
0.0017945896	0.9982054	1	1
0.0054308567	0.9945692	1	1
0.997712	0.002287972	0	1
0.99846953	0.001530458	0	0
0.0008041465	0.9991959	1	1
0.0016633009	0.9983367	1	1
0.0028897007	0.9971103	1	1
0.00072567095	0.9992743	1	1
0.29460835	0.70539165	1	1
0.99686277	0.0031372553	0	0
0.0024046106	0.99759537	1	1
0.99223495	0.007765054	0	1
0.0015469984	0.998453	1	1
0.0011058531	0.99889416	1	1
0.0008716168	0.9991284	1	1
0.0032357909	0.9967642	1	1
0.003770959	0.996229	1	1
0.00058367726	0.99941635	1	1
0.002061878	0.9979381	1	1
0.001139819	0.99886024	1	1
