0.0016950752	0.99830496	1	1
0.00010523972	0.99989474	1	1
0.99984586	0.00015412952	0	0
2.9272485e-05	0.9999707	1	1
3.3427794e-05	0.9999666	1	1
0.9999628	3.7172525e-05	0	0
5.7358437e-05	0.99994266	1	1
0.00012057626	0.99987936	1	1
3.241939e-05	0.9999676	1	1
3.1521566e-05	0.9999685	1	1
0.15812847	0.8418715	1	1
2.762251e-05	0.99997234	1	1
3.3317297e-05	0.99996674	1	1
0.5274318	0.47256827	0	0
0.99971706	0.00028296543	0	1
3.6913796e-05	0.99996305	1	1
0.9993431	0.0006569423	0	1
0.99965084	0.00034915772	0	0
0.000854009	0.999146	1	1
3.4568322e-05	0.9999654	1	1
0.99987984	0.000120144265	0	0
8.202117e-05	0.999918	1	1
2.8238223e-05	0.99997175	1	1
0.000116725074	0.9998833	1	1
5.855792e-05	0.99994147	1	1
2.9885476e-05	0.9999701	1	1
0.9999572	4.280266e-05	0	0
2.819756e-05	0.99997175	1	1
6.140798e-05	0.9999386	1	0
0.9998796	0.00012033711	0	0
0.00021049996	0.99978954	1	1
0.9238101	0.0761899	0	0
0.0023210945	0.99767894	1	1
2.7941764e-05	0.9999721	1	1
7.4971016e-05	0.999925	1	1
0.00019133041	0.9998087	1	1
0.9991886	0.00081134547	0	0
2.7919285e-05	0.9999721	1	1
2.955047e-05	0.99997044	1	1
0.9943938	0.0056061326	0	1
0.9987801	0.0012199868	0	0
7.2130424e-05	0.9999279	1	1
3.4281627e-05	0.99996567	1	1
2.8151591e-05	0.99997187	1	1
6.516374e-05	0.9999348	1	1
3.400221e-05	0.999966	1	1
3.2126212e-05	0.9999678	1	1
0.9996215	0.00037840585	0	0
3.072205e-05	0.99996924	1	1
2.8076573e-05	0.99997187	1	1
7.189461e-05	0.9999281	1	1
0.999713	0.00028700015	0	0
0.9967595	0.0032404973	0	0
3.152313e-05	0.9999685	1	1
2.7431797e-05	0.9999726	1	1
2.9203895e-05	0.9999708	1	1
0.9999502	4.98739e-05	0	0
3.0406447e-05	0.9999696	1	1
3.109118e-05	0.9999689	1	1
3.3008695e-05	0.999967	1	1
0.9999641	3.5895242e-05	0	0
2.9473778e-05	0.99997056	1	1
7.5564814e-05	0.9999244	1	0
3.034816e-05	0.9999696	1	1
0.99990225	9.7764525e-05	0	1
2.9001018e-05	0.99997103	1	1
3.0176765e-05	0.99996984	1	1
0.9999434	5.666531e-05	0	0
0.007615488	0.99238443	1	1
2.8718532e-05	0.9999713	1	1
3.0330311e-05	0.9999697	1	1
2.9935225e-05	0.9999701	1	1
3.5293895e-05	0.9999647	1	1
0.001305427	0.9986946	1	1
2.9933968e-05	0.9999701	1	1
2.9709583e-05	0.9999703	1	1
0.05090966	0.94909036	1	1
0.00014919313	0.99985075	1	1
5.6577184e-05	0.9999434	1	0
2.778645e-05	0.9999722	1	1
0.9993556	0.0006444277	0	0
0.9695929	0.030407064	0	1
4.925721e-05	0.99995077	1	1
0.99986565	0.00013429395	0	0
0.95965725	0.040342722	0	0
3.0495248e-05	0.9999695	1	1
0.00072084216	0.9992792	1	1
0.999964	3.6012916e-05	0	0
3.2010856e-05	0.99996793	1	1
0.00025081058	0.99974924	1	1
0.99985147	0.00014849343	0	0
3.440733e-05	0.99996555	1	1
0.7429943	0.25700563	0	0
2.7675218e-05	0.99997234	1	1
2.9405666e-05	0.99997056	1	1
2.889041e-05	0.99997115	1	1
5.3172753e-05	0.99994683	1	1
0.99996245	3.751862e-05	0	0
3.2322983e-05	0.9999677	1	1
3.2553475e-05	0.99996746	1	1
0.32273582	0.67726415	1	1
5.3646883e-05	0.99994636	1	1
0.9998704	0.00012954495	0	0
0.00012831627	0.9998716	1	1
0.000112795125	0.9998872	1	1
4.3014294e-05	0.99995697	1	1
0.9997663	0.00023374839	0	1
0.9997781	0.00022195053	0	1
0.99996173	3.8316128e-05	0	0
0.9986628	0.0013371902	0	0
2.8628136e-05	0.9999714	1	1
3.319599e-05	0.99996686	1	1
3.0149753e-05	0.99996984	1	1
0.00015809441	0.9998419	1	0
0.99996316	3.6865957e-05	0	0
2.8535298e-05	0.9999715	1	1
3.707103e-05	0.9999629	1	1
9.679736e-05	0.9999032	1	0
0.9999542	4.572181e-05	0	1
0.9993156	0.00068444695	0	0
2.7952505e-05	0.9999721	1	1
6.665008e-05	0.99993336	1	1
2.9653791e-05	0.9999703	1	1
6.3764775e-05	0.9999362	1	1
3.9623283e-05	0.9999604	1	1
8.160869e-05	0.99991834	1	1
0.99266076	0.0073391846	0	0
0.99981207	0.00018800294	0	0
4.1114887e-05	0.9999589	1	1
0.9997948	0.00020527645	0	0
3.724882e-05	0.9999628	1	1
0.00019121113	0.99980885	1	0
3.862186e-05	0.9999614	1	1
0.00023912785	0.9997609	1	1
0.99338245	0.0066175745	0	0
0.10785899	0.892141	1	1
3.38703e-05	0.99996614	1	1
2.8245737e-05	0.99997175	1	1
0.9999504	4.9540326e-05	0	0
3.173605e-05	0.9999683	1	1
3.083676e-05	0.9999691	1	1
5.7470235e-05	0.99994254	1	1
3.4234e-05	0.9999658	1	1
5.035159e-05	0.9999497	1	1
0.9959895	0.0040104953	0	1
3.437395e-05	0.99996567	1	0
0.0001311443	0.99986887	1	0
2.9423283e-05	0.99997056	1	1
0.2366952	0.76330477	1	1
6.642584e-05	0.9999336	1	1
0.9999645	3.549774e-05	0	0
0.9999399	6.0038656e-05	0	0
4.092146e-05	0.9999591	1	1
0.05893141	0.9410686	1	1
0.00042143825	0.99957854	1	0
0.9927401	0.007259946	0	1
2.8725051e-05	0.9999713	1	1
2.7531121e-05	0.99997246	1	1
6.581548e-05	0.9999342	1	1
0.99996865	3.135894e-05	0	0
0.9996082	0.00039178028	0	0
4.7956215e-05	0.9999521	1	1
0.99996245	3.7504884e-05	0	0
0.9949595	0.0050404924	0	0
2.826503e-05	0.99997175	1	1
3.4345245e-05	0.99996567	1	1
0.9758646	0.024135426	0	0
2.8890934e-05	0.99997115	1	1
0.0035740393	0.9964259	1	0
0.9999267	7.335194e-05	0	0
0.021975776	0.97802424	1	0
0.0026916247	0.9973084	1	1
0.0038939163	0.9961061	1	0
0.9998598	0.00014016927	0	1
0.9999634	3.6588142e-05	0	0
0.99995553	4.4462133e-05	0	0
3.958321e-05	0.9999604	1	1
0.9997496	0.0002503779	0	0
0.009404421	0.9905956	1	1
0.9988966	0.0011033155	0	0
0.9998348	0.00016525095	0	1
0.9997789	0.00022113053	0	0
3.55392e-05	0.9999645	1	1
2.7927194e-05	0.9999721	1	1
0.10514649	0.8948535	1	1
3.985221e-05	0.9999602	1	1
0.9965868	0.0034132183	0	1
3.463369e-05	0.9999653	1	1
2.892859e-05	0.99997103	1	1
0.9999571	4.2904092e-05	0	0
4.385607e-05	0.99995613	1	1
0.9999424	5.753565e-05	0	0
0.9998323	0.00016775077	0	1
3.4043802e-05	0.9999659	1	1
3.7092283e-05	0.9999629	1	1
2.8006778e-05	0.999972	1	1
0.99996185	3.8190818e-05	0	1
3.1980286e-05	0.99996805	1	0
3.5554862e-05	0.9999645	1	0
0.8105622	0.1894378	0	1
3.0618598e-05	0.99996936	1	1
2.8885892e-05	0.99997115	1	1
2.8247783e-05	0.99997175	1	1
2.9247987e-05	0.9999708	1	1
0.99987376	0.00012627116	0	0
2.9792485e-05	0.9999702	1	1
0.9999443	5.5718367e-05	0	0
3.0995616e-05	0.999969	1	1
3.1644933e-05	0.9999684	1	1
0.99996483	3.516113e-05	0	0
0.9999498	5.019587e-05	0	0
0.9999621	3.7956408e-05	0	0
2.8679067e-05	0.9999713	1	1
0.9996805	0.00031946876	0	0
3.696699e-05	0.99996305	1	1
3.0001927e-05	0.99996996	1	1
2.8773198e-05	0.9999713	1	1
2.8701805e-05	0.9999713	1	1
4.6230838e-05	0.99995375	1	1
0.9999622	3.780404e-05	0	0
0.0032036363	0.9967964	1	1
2.7023674e-05	0.99997294	1	1
0.0032593608	0.99674064	1	1
2.7749056e-05	0.9999722	1	1
0.9999645	3.554391e-05	0	0
0.9997173	0.00028265914	0	0
3.0050149e-05	0.99996996	1	1
4.2693206e-05	0.9999573	1	1
2.8868486e-05	0.99997115	1	1
0.0002851958	0.9997148	1	0
4.1486608e-05	0.9999585	1	1
0.99996614	3.3797824e-05	0	0
0.9999521	4.7969435e-05	0	0
4.876013e-05	0.99995124	1	1
3.462197e-05	0.9999654	1	1
0.0017119606	0.998288	1	1
0.0020981487	0.9979018	1	0
0.0627761	0.93722385	1	0
3.751676e-05	0.99996245	1	1
2.9230645e-05	0.9999708	1	1
0.99918216	0.0008177797	0	0
3.083529e-05	0.9999691	1	1
0.99995005	4.994605e-05	0	0
3.1861717e-05	0.9999682	1	1
0.9997483	0.00025174374	0	0
0.9998913	0.00010865294	0	1
0.0026130886	0.9973869	1	1
0.008456076	0.9915439	1	1
2.9069575e-05	0.9999709	1	1
2.8231329e-05	0.99997175	1	1
4.0389146e-05	0.9999596	1	1
3.645958e-05	0.9999635	1	1
3.805757e-05	0.999962	1	1
2.7716049e-05	0.9999722	1	1
0.99990916	9.086165e-05	0	0
0.0235644	0.9764356	1	0
2.795826e-05	0.999972	1	1
2.8040451e-05	0.999972	1	1
2.9325518e-05	0.9999707	1	1
0.00018309717	0.99981695	1	1
2.8678465e-05	0.9999713	1	1
0.99990416	9.584122e-05	0	0
3.0164823e-05	0.99996984	1	1
3.6921894e-05	0.99996305	1	1
3.3393386e-05	0.9999666	1	1
0.7177988	0.28220108	0	0
0.0063276025	0.9936724	1	1
0.45399666	0.5460034	1	1
0.00031673902	0.99968326	1	0
0.00020141435	0.9997986	1	1
0.9997806	0.00021936046	0	0
7.480213e-05	0.99992514	1	1
0.012051292	0.98794866	1	0
0.99996376	3.6271e-05	0	0
0.9999634	3.6577745e-05	0	0
0.0003774702	0.99962246	1	1
0.9998933	0.0001067354	0	1
0.9803268	0.019673279	0	1
0.4727087	0.52729124	1	0
0.82356757	0.17643245	0	0
0.9994849	0.00051510363	0	0
8.271867e-05	0.99991727	1	1
2.8159699e-05	0.99997187	1	1
0.9961367	0.0038633088	0	1
3.105704e-05	0.9999689	1	1
0.999962	3.8041966e-05	0	0
2.7824924e-05	0.9999722	1	1
3.473928e-05	0.9999653	1	1
2.8306924e-05	0.99997175	1	1
0.5582399	0.44176006	0	0
0.99985206	0.00014788639	0	1
2.8797187e-05	0.99997115	1	1
0.90100443	0.09899553	0	1
2.9461862e-05	0.99997056	1	1
0.99996233	3.7622303e-05	0	0
0.23215953	0.76784045	1	1
0.9998776	0.00012245802	0	0
0.15661852	0.84338146	1	1
3.0098821e-05	0.99996996	1	1
2.9604204e-05	0.99997044	1	1
2.8400751e-05	0.9999716	1	1
3.2483204e-05	0.9999676	1	1
0.00010188124	0.9998981	1	1
0.99996483	3.5132805e-05	0	0
3.7654143e-05	0.99996233	1	1
0.0648402	0.9351598	1	1
0.00021400239	0.99978596	1	0
3.1530402e-05	0.9999684	1	1
2.8628736e-05	0.9999714	1	1
0.6696171	0.33038285	0	1
2.737015e-05	0.9999726	1	1
2.9362738e-05	0.9999707	1	1
3.0210713e-05	0.99996984	1	1
0.9998914	0.000108549386	0	1
6.355497e-05	0.99993646	1	1
0.5115357	0.48846424	0	1
2.8112367e-05	0.99997187	1	1
0.00021309855	0.9997869	1	1
0.9999658	3.4178738e-05	0	0
2.9303908e-05	0.9999707	1	1
0.9999665	3.3535012e-05	0	0
2.8136748e-05	0.99997187	1	1
0.99585354	0.004146502	0	1
0.98925495	0.010745093	0	1
0.00052301213	0.99947697	1	1
2.83654e-05	0.9999716	1	1
0.99678504	0.0032149572	0	0
0.99996746	3.2511463e-05	0	1
6.648299e-05	0.9999335	1	1
0.002020596	0.99797946	1	0
3.2719956e-05	0.99996734	1	1
2.9626004e-05	0.9999703	1	1
7.511579e-05	0.9999249	1	1
0.00020905065	0.99979097	1	1
2.8936343e-05	0.99997103	1	1
5.5053246e-05	0.9999449	1	1
2.953303e-05	0.99997044	1	1
3.9586306e-05	0.9999604	1	1
0.022138901	0.9778611	1	0
0.9990792	0.0009208131	0	0
3.5133744e-05	0.99996483	1	1
0.000161018	0.99983895	1	1
2.9904437e-05	0.9999701	1	1
2.7873712e-05	0.9999721	1	1
0.99947876	0.00052132143	0	1
3.1768148e-05	0.9999683	1	1
2.8678958e-05	0.9999713	1	1
6.0261616e-05	0.9999397	1	1
0.9999678	3.21784e-05	0	0
3.597766e-05	0.999964	1	1
9.847101e-05	0.99990153	1	1
0.9999629	3.708507e-05	0	0
2.7805374e-05	0.9999722	1	1
3.3401095e-05	0.9999666	1	1
0.9999652	3.481682e-05	0	0
2.9520303e-05	0.99997044	1	1
3.5710014e-05	0.99996424	1	1
2.8449542e-05	0.9999715	1	1
0.34780172	0.65219826	1	0
0.0021606446	0.99783933	1	1
2.9297342e-05	0.9999707	1	1
0.9999281	7.190332e-05	0	1
2.8568815e-05	0.9999714	1	1
2.8709963e-05	0.9999713	1	1
2.9132658e-05	0.9999709	1	1
0.4821235	0.5178765	1	1
0.9999671	3.2883996e-05	0	0
3.0150846e-05	0.99996984	1	0
0.0005972645	0.99940276	1	1
3.045317e-05	0.9999696	1	1
0.99994206	5.790626e-05	0	0
0.9998265	0.00017354562	0	0
3.038714e-05	0.9999696	1	1
4.2619533e-05	0.9999573	1	1
4.082129e-05	0.99995923	1	1
0.9999639	3.6064463e-05	0	0
2.9662191e-05	0.9999703	1	1
0.99996257	3.7456775e-05	0	0
2.8411261e-05	0.9999716	1	1
2.9204284e-05	0.9999708	1	1
3.9223494e-05	0.9999608	1	1
2.9556304e-05	0.99997044	1	1
0.002727953	0.9972721	1	0
3.099059e-05	0.999969	1	1
0.00038685833	0.9996132	1	0
4.397098e-05	0.999956	1	1
2.78672e-05	0.9999721	1	1
4.2960306e-05	0.9999571	1	1
3.1794483e-05	0.9999682	1	1
0.54689056	0.4531094	0	0
0.44835594	0.5516441	1	1
0.9997918	0.00020821397	0	0
0.008889048	0.9911109	1	1
0.9746723	0.025327656	0	1
0.9999403	5.977707e-05	0	0
0.0003990016	0.99960107	1	1
0.99995875	4.1189487e-05	0	0
2.7982189e-05	0.999972	1	1
2.789243e-05	0.9999721	1	1
2.993751e-05	0.9999701	1	1
0.9999647	3.5239107e-05	0	0
0.9990466	0.00095332914	0	0
0.99536884	0.004631173	0	0
0.99991286	8.718575e-05	0	0
3.2980504e-05	0.999967	1	1
0.0046895705	0.9953105	1	1
0.9833952	0.016604839	0	0
2.9012333e-05	0.99997103	1	1
3.2417967e-05	0.9999676	1	1
0.03627444	0.9637255	1	1
0.0010503569	0.9989497	1	1
3.138042e-05	0.99996865	1	1
0.97905797	0.020942057	0	0
0.9999602	3.986141e-05	0	0
2.9183431e-05	0.9999708	1	1
0.15355381	0.84644616	1	1
9.8922865e-05	0.99990106	1	1
2.8610257e-05	0.9999714	1	1
0.020983804	0.9790162	1	1
5.7332127e-05	0.99994266	1	1
3.254292e-05	0.99996746	1	1
0.9999505	4.941006e-05	0	0
0.9999573	4.2702082e-05	0	0
3.2869164e-05	0.9999671	1	1
0.99098575	0.009014238	0	0
3.0527663e-05	0.9999695	1	1
0.00078869454	0.9992113	1	1
0.000109386056	0.99989057	1	1
2.8107916e-05	0.99997187	1	1
0.81274307	0.18725692	0	1
0.0010010278	0.99899894	1	1
0.9999622	3.7742473e-05	0	0
0.998725	0.0012749746	0	0
0.9999597	4.031788e-05	0	1
0.005276411	0.99472356	1	1
2.9453799e-05	0.99997056	1	1
0.00035656657	0.99964345	1	0
0.99994504	5.4933516e-05	0	0
0.99992585	7.409842e-05	0	0
0.17386158	0.82613844	1	1
0.999962	3.8011938e-05	0	0
0.999044	0.0009559787	0	1
0.99954337	0.0004565983	0	0
3.0957064e-05	0.999969	1	1
4.021282e-05	0.9999598	1	1
2.8228693e-05	0.99997175	1	1
0.9999528	4.7200283e-05	0	0
7.45794e-05	0.9999254	1	0
2.7226764e-05	0.9999728	1	1
2.8600354e-05	0.9999714	1	1
2.9582585e-05	0.99997044	1	1
0.9999279	7.214707e-05	0	0
2.7977892e-05	0.999972	1	1
2.9855513e-05	0.9999702	1	1
0.00048524555	0.9995147	1	0
0.00088175986	0.99911827	1	0
3.0062245e-05	0.99996996	1	1
2.7729217e-05	0.9999722	1	1
0.99824154	0.0017584605	0	1
8.738842e-05	0.9999126	1	1
4.0921223e-05	0.9999591	1	1
0.0022334207	0.9977666	1	1
3.0006791e-05	0.99996996	1	1
0.86331373	0.13668631	0	1
0.9997166	0.00028334715	0	0
2.8964645e-05	0.99997103	1	1
3.701518e-05	0.9999629	1	1
3.2930973e-05	0.9999671	1	1
3.5974674e-05	0.999964	1	1
0.00033580922	0.9996642	1	1
2.9692983e-05	0.9999703	1	1
3.3342534e-05	0.9999666	1	1
0.96882397	0.031176062	0	1
0.6542301	0.34576982	0	0
0.99987614	0.00012381322	0	0
0.99995375	4.6226647e-05	0	0
0.99995387	4.6190034e-05	0	1
0.006100857	0.9938991	1	1
0.9920402	0.007959773	0	1
2.9522329e-05	0.99997044	1	1
3.0949715e-05	0.999969	1	1
2.9358707e-05	0.9999707	1	1
0.006468995	0.99353105	1	1
0.99959904	0.00040096833	0	0
3.0897667e-05	0.9999691	1	1
2.9922894e-05	0.9999701	1	1
3.1915268e-05	0.99996805	1	1
3.0197147e-05	0.99996984	1	1
0.0003943536	0.9996057	1	1
0.9999622	3.7815433e-05	0	0
3.9169143e-05	0.9999608	1	1
0.0063222204	0.9936778	1	1
3.20071e-05	0.99996793	1	1
0.0004002126	0.99959975	1	1
0.9999621	3.7963397e-05	0	0
2.811537e-05	0.99997187	1	1
4.9056107e-05	0.9999509	1	1
3.274877e-05	0.9999672	1	1
0.9932121	0.0067878775	0	1
0.9975434	0.0024565519	0	0
3.1018448e-05	0.999969	1	1
0.9999225	7.7469005e-05	0	1
3.3769156e-05	0.99996626	1	1
0.00088000024	0.99912006	1	1
2.8627806e-05	0.9999714	1	1
8.893383e-05	0.99991107	1	1
0.999967	3.304542e-05	0	0
3.035088e-05	0.9999696	1	1
3.3247055e-05	0.99996674	1	1
3.0789513e-05	0.99996924	1	1
0.9999118	8.8190245e-05	0	0
0.99993324	6.6708184e-05	0	0
0.8834535	0.11654648	0	1
2.9462704e-05	0.99997056	1	1
5.021239e-05	0.9999498	1	0
3.3345616e-05	0.9999666	1	1
0.9999609	3.9092647e-05	0	1
2.8876528e-05	0.99997115	1	1
0.82523835	0.17476164	0	1
2.7829092e-05	0.9999722	1	1
0.9999658	3.421252e-05	0	0
2.8679833e-05	0.9999713	1	1
3.431748e-05	0.99996567	1	1
3.610421e-05	0.9999639	1	1
2.8849028e-05	0.99997115	1	1
0.9990633	0.00093675934	0	0
3.260545e-05	0.99996734	1	1
3.2841403e-05	0.9999671	1	1
0.99991286	8.718933e-05	0	0
5.27999e-05	0.9999472	1	1
0.045906488	0.9540936	1	0
0.00028270495	0.9997173	1	0
0.99815756	0.001842404	0	0
9.657387e-05	0.99990344	1	1
4.6922753e-05	0.99995303	1	1
0.9999654	3.459286e-05	0	0
0.99899715	0.00100281	0	1
0.00054893614	0.9994511	1	1
5.6569632e-05	0.9999434	1	1
3.833805e-05	0.9999616	1	1
6.0567887e-05	0.99993944	1	1
0.9930166	0.0069833533	0	1
2.7930495e-05	0.9999721	1	1
2.9817611e-05	0.9999702	1	1
0.9993944	0.00060563197	0	1
0.9964689	0.0035310725	0	0
0.00022445725	0.9997756	1	0
0.00035365683	0.9996463	1	1
3.0099907e-05	0.99996984	1	1
2.8011906e-05	0.999972	1	1
0.0010599651	0.99894005	1	1
2.8376275e-05	0.9999716	1	1
3.718061e-05	0.9999628	1	1
5.5100994e-05	0.9999449	1	1
2.878574e-05	0.9999713	1	1
0.0011321942	0.99886787	1	1
0.9999589	4.116279e-05	0	0
2.828137e-05	0.99997175	1	1
2.895023e-05	0.99997103	1	1
8.102695e-05	0.99991894	1	1
2.8116201e-05	0.99997187	1	1
2.9166265e-05	0.9999708	1	1
0.9999654	3.4567172e-05	0	0
4.478913e-05	0.9999552	1	1
0.999964	3.5955603e-05	0	0
2.9726702e-05	0.9999703	1	1
2.746766e-05	0.9999726	1	1
0.000105859726	0.99989414	1	0
7.2321345e-05	0.99992764	1	0
0.9999614	3.8632028e-05	0	0
2.9447256e-05	0.99997056	1	1
0.99996054	3.9473143e-05	0	0
2.8214157e-05	0.99997175	1	1
2.8211387e-05	0.99997175	1	1
0.0016790233	0.998321	1	1
0.9999664	3.3587214e-05	0	0
0.999967	3.3006523e-05	0	0
0.99752754	0.002472475	0	1
2.7497797e-05	0.99997246	1	1
2.9694314e-05	0.9999703	1	1
0.9999192	8.0813516e-05	0	0
0.99985933	0.00014070106	0	1
3.079932e-05	0.99996924	1	1
0.61186355	0.38813642	0	1
0.0020136943	0.9979863	1	1
6.904542e-05	0.999931	1	1
0.0001254169	0.9998746	1	1
4.1341704e-05	0.99995863	1	1
3.008625e-05	0.99996996	1	1
0.9998814	0.00011862554	0	0
3.7497015e-05	0.99996245	1	1
3.9939718e-05	0.99996006	1	1
2.8831839e-05	0.99997115	1	1
0.011835323	0.98816466	1	0
2.808782e-05	0.99997187	1	1
0.99993944	6.0569506e-05	0	0
2.8889777e-05	0.99997115	1	1
0.99852186	0.0014781626	0	0
0.9999051	9.486305e-05	0	0
2.834501e-05	0.9999716	1	1
3.829932e-05	0.99996173	1	1
7.00061e-05	0.99993	1	1
0.99996686	3.313232e-05	0	0
0.9716061	0.028393872	0	0
0.9994937	0.0005063147	0	1
0.005224669	0.9947753	1	1
0.0035895687	0.9964104	1	1
5.1016505e-05	0.999949	1	1
2.8203665e-05	0.99997175	1	1
3.0904594e-05	0.9999691	1	1
2.7818158e-05	0.9999722	1	1
6.3996136e-05	0.999936	1	1
0.98926324	0.010736711	0	0
0.9999666	3.338065e-05	0	0
0.9999589	4.113744e-05	0	0
0.9999397	6.0357088e-05	0	0
0.0068827835	0.9931172	1	1
4.8393522e-05	0.9999516	1	1
3.1789514e-05	0.9999682	1	1
7.530125e-05	0.99992466	1	0
2.9371167e-05	0.9999707	1	1
3.7597707e-05	0.99996245	1	1
0.99994886	5.11573e-05	0	0
0.00027504773	0.9997249	1	1
0.99990094	9.9016295e-05	0	1
0.99993944	6.060128e-05	0	0
3.496729e-05	0.9999651	1	1
2.903201e-05	0.9999709	1	1
3.656847e-05	0.9999634	1	1
0.00089380075	0.9991062	1	1
0.9828184	0.017181557	0	1
2.9850446e-05	0.9999702	1	1
8.272498e-05	0.99991727	1	1
0.9991749	0.0008250727	0	1
0.00017767397	0.9998223	1	1
3.453534e-05	0.9999654	1	1
0.7532277	0.24677229	0	0
0.9972083	0.0027917312	0	1
3.0149982e-05	0.99996984	1	1
3.1042535e-05	0.999969	1	1
0.9058778	0.09412213	0	0
0.9999596	4.0378247e-05	0	0
7.827977e-05	0.9999217	1	1
2.8289383e-05	0.99997175	1	1
2.8232513e-05	0.99997175	1	1
4.0315725e-05	0.9999597	1	1
3.108003e-05	0.9999689	1	1
0.99996173	3.8271388e-05	0	0
0.0003640203	0.99963593	1	1
0.013334794	0.98666525	1	0
0.9049003	0.09509966	0	1
0.0011217453	0.9988783	1	1
4.4748747e-05	0.9999553	1	1
0.9995419	0.00045811286	0	1
4.8037276e-05	0.99995196	1	1
3.06413e-05	0.99996936	1	1
3.0361882e-05	0.9999696	1	1
0.9999151	8.4904015e-05	0	0
0.99988496	0.00011498796	0	0
7.6287615e-05	0.9999237	1	0
2.829154e-05	0.99997175	1	1
2.983963e-05	0.9999702	1	1
2.9996463e-05	0.99996996	1	1
0.9998642	0.00013577586	0	0
3.0563526e-05	0.9999695	1	1
2.7497274e-05	0.99997246	1	1
0.00012135625	0.99987864	1	1
2.9816587e-05	0.9999702	1	1
6.7382316e-05	0.99993265	1	1
0.99987936	0.000120680714	0	1
9.12797e-05	0.9999087	1	1
0.0003442242	0.9996557	1	1
0.9998888	0.00011117224	0	0
0.00011243538	0.9998876	1	1
2.7769202e-05	0.9999722	1	1
0.00010926199	0.9998907	1	1
2.9702443e-05	0.9999703	1	1
2.8306573e-05	0.99997175	1	1
0.99907315	0.0009267719	0	0
0.99917114	0.0008288899	0	0
0.99539447	0.0046056164	0	1
0.99996805	3.2000393e-05	0	0
0.00019173436	0.99980825	1	1
2.9745528e-05	0.9999702	1	1
2.9433948e-05	0.99997056	1	1
0.000292509	0.9997075	1	1
0.99996257	3.746085e-05	0	0
0.00027801452	0.99972194	1	0
3.1829404e-05	0.9999682	1	1
2.961841e-05	0.99997044	1	1
0.0011714664	0.9988286	1	1
2.8699696e-05	0.9999713	1	1
2.9165514e-05	0.9999708	1	1
0.00020934507	0.9997907	1	1
0.9999622	3.7789727e-05	0	0
0.9999671	3.2885408e-05	0	0
3.6408335e-05	0.99996364	1	1
3.0500425e-05	0.9999695	1	1
2.8577915e-05	0.9999714	1	1
2.9356243e-05	0.9999707	1	1
3.7851692e-05	0.9999621	1	1
0.9999672	3.2766544e-05	0	0
0.0009711518	0.9990288	1	1
0.021957662	0.9780423	1	1
3.5176392e-05	0.99996483	1	1
3.3766486e-05	0.99996626	1	1
3.775403e-05	0.9999622	1	0
3.7279202e-05	0.9999627	1	1
3.6470676e-05	0.9999635	1	1
2.9596327e-05	0.99997044	1	1
0.2553989	0.7446011	1	1
0.9999527	4.737987e-05	0	0
0.30472785	0.6952721	1	0
2.7755832e-05	0.9999722	1	1
0.9999639	3.6072273e-05	0	0
0.9910409	0.008959078	0	1
0.88117427	0.11882578	0	1
2.8743194e-05	0.9999713	1	1
3.6556474e-05	0.9999634	1	1
0.0018665903	0.9981335	1	1
2.7729164e-05	0.9999722	1	1
0.9998305	0.00016952954	0	1
0.0011307427	0.99886924	1	1
2.81062e-05	0.99997187	1	1
2.7992812e-05	0.999972	1	1
0.9992694	0.00073062273	0	0
2.8425762e-05	0.9999716	1	1
4.047899e-05	0.99995947	1	0
0.99996257	3.748125e-05	0	0
0.99354905	0.0064510056	0	1
0.9974942	0.002505858	0	1
6.995017e-05	0.99993	1	1
0.99989176	0.00010819637	0	1
0.9999417	5.8242535e-05	0	0
4.814624e-05	0.99995184	1	1
0.99987924	0.00012079619	0	1
2.8916951e-05	0.99997103	1	1
0.99996877	3.1258263e-05	0	0
0.9999604	3.9629747e-05	0	0
2.9524355e-05	0.99997044	1	1
0.0004647902	0.9995352	1	0
2.9036328e-05	0.9999709	1	1
2.822024e-05	0.99997175	1	1
0.9999615	3.8513983e-05	0	0
0.9999653	3.465064e-05	0	0
4.439714e-05	0.99995565	1	1
0.9999616	3.8368995e-05	0	0
0.9922719	0.007728145	0	0
3.3031367e-05	0.999967	1	1
0.9952845	0.0047155535	0	1
2.8504564e-05	0.9999715	1	1
2.8131088e-05	0.99997187	1	1
2.9088767e-05	0.9999709	1	1
3.3157736e-05	0.99996686	1	1
2.8507717e-05	0.9999715	1	1
2.7890968e-05	0.9999721	1	1
9.492386e-05	0.9999051	1	1
4.806715e-05	0.99995196	1	1
2.9372764e-05	0.9999707	1	1
2.8540715e-05	0.9999715	1	1
0.9714399	0.028560055	0	1
3.992292e-05	0.99996006	1	1
5.0703675e-05	0.99994934	1	1
2.9131686e-05	0.9999709	1	1
3.3108347e-05	0.99996686	1	1
0.9999393	6.0722356e-05	0	0
0.9999223	7.7687604e-05	0	0
3.0430698e-05	0.9999696	1	1
2.9323504e-05	0.9999707	1	1
3.0045936e-05	0.99996996	1	1
2.8665616e-05	0.9999714	1	1
0.9999654	3.4518187e-05	0	0
3.463805e-05	0.9999653	1	1
0.9999263	7.362145e-05	0	0
0.0011067673	0.9988932	1	1
2.8193957e-05	0.99997175	1	1
3.2371503e-05	0.9999676	1	1
0.9999553	4.4739485e-05	0	0
3.1217955e-05	0.99996877	1	1
0.99995184	4.811356e-05	0	0
9.063673e-05	0.9999094	1	1
0.00039569344	0.9996043	1	1
2.7947974e-05	0.9999721	1	1
6.0423776e-05	0.99993956	1	1
2.8175871e-05	0.99997187	1	1
2.9466612e-05	0.99997056	1	1
0.9999256	7.4418356e-05	0	0
3.3914122e-05	0.999966	1	1
0.84143025	0.15856974	0	0
0.0060182367	0.9939818	1	0
2.8621365e-05	0.9999714	1	1
8.207171e-05	0.99991786	1	1
4.5606757e-05	0.99995434	1	1
3.44095e-05	0.99996555	1	1
0.00033237066	0.99966764	1	1
0.82783914	0.17216094	0	0
0.0018090534	0.99819094	1	1
4.5662553e-05	0.99995434	1	1
2.885943e-05	0.99997115	1	1
0.0019025936	0.99809736	1	0
0.9999572	4.2787684e-05	0	0
2.9935054e-05	0.9999701	1	1
2.7288914e-05	0.9999727	1	1
5.6679957e-05	0.9999434	1	1
0.00016876921	0.9998312	1	1
0.0065081934	0.9934918	1	1
0.00078364817	0.9992163	1	1
3.23454e-05	0.9999677	1	1
0.00082352775	0.99917644	1	0
3.869293e-05	0.99996126	1	1
0.99996173	3.8241364e-05	0	0
0.99994576	5.4187934e-05	0	0
0.21152693	0.788473	1	1
3.480188e-05	0.9999652	1	1
2.873678e-05	0.9999713	1	1
0.99995923	4.0788524e-05	0	0
0.99992645	7.3591415e-05	0	0
6.53006e-05	0.9999347	1	1
0.99677473	0.0032252946	0	0
3.1903946e-05	0.99996805	1	1
3.5908834e-05	0.9999641	1	1
5.5189656e-05	0.9999448	1	1
0.99889094	0.0011091274	0	0
0.00016013577	0.9998398	1	1
5.6476707e-05	0.9999435	1	1
0.99968266	0.00031736624	0	1
2.992158e-05	0.9999701	1	1
3.7497837e-05	0.99996245	1	1
0.007695276	0.99230474	1	1
0.00013911551	0.9998609	1	1
0.9998399	0.00016005852	0	0
0.9999056	9.437888e-05	0	1
0.99996805	3.1930856e-05	0	0
3.5252855e-05	0.9999647	1	1
0.9993413	0.0006586626	0	0
0.00019958749	0.9998004	1	1
3.673523e-05	0.9999633	1	1
0.99995327	4.6706988e-05	0	0
0.999943	5.702477e-05	0	0
3.0457115e-05	0.9999695	1	1
0.99995923	4.070983e-05	0	0
2.8247137e-05	0.99997175	1	1
3.533239e-05	0.9999647	1	1
0.0007323948	0.99926764	1	1
0.9891066	0.010893421	0	0
0.9998399	0.00016007562	0	0
0.38637432	0.6136257	1	1
3.0268156e-05	0.9999697	1	1
4.7728827e-05	0.9999523	1	1
0.9999598	4.01401e-05	0	0
2.9956815e-05	0.9999701	1	1
3.81431e-05	0.99996185	1	1
0.998264	0.0017359639	0	0
4.781561e-05	0.9999522	1	1
2.9596327e-05	0.99997044	1	1
0.99985707	0.00014294044	0	0
5.9241076e-05	0.99994075	1	1
0.99996173	3.8245376e-05	0	0
6.2982646e-05	0.99993706	1	1
0.999941	5.9064125e-05	0	0
2.808632e-05	0.99997187	1	1
8.685514e-05	0.9999131	1	0
0.00017375972	0.99982625	1	1
0.9983765	0.0016234663	0	1
0.9995977	0.00040224244	0	0
9.875322e-05	0.9999013	1	1
0.92061186	0.07938818	0	1
0.9999685	3.1437838e-05	0	0
0.012915937	0.9870841	1	1
0.0022348906	0.99776506	1	1
0.41718733	0.58281267	1	1
2.8770564e-05	0.9999713	1	1
0.9810433	0.018956643	0	0
2.7790476e-05	0.9999722	1	1
3.486825e-05	0.9999651	1	1
3.0274277e-05	0.9999697	1	1
0.00014357563	0.99985635	1	1
0.9999559	4.412384e-05	0	0
0.06743044	0.93256956	1	0
2.8413375e-05	0.9999716	1	1
3.261842e-05	0.99996734	1	1
5.2077856e-05	0.9999479	1	1
3.066831e-05	0.99996936	1	1
0.0311226	0.9688774	1	0
3.6323854e-05	0.99996364	1	1
3.0948504e-05	0.999969	1	1
2.9760735e-05	0.9999702	1	1
3.7482143e-05	0.99996257	1	1
0.018375495	0.98162454	1	1
3.172186e-05	0.9999683	1	1
2.8309407e-05	0.99997175	1	1
9.457312e-05	0.99990547	1	1
0.010830928	0.9891691	1	1
0.99884355	0.0011564151	0	0
0.0144129535	0.985587	1	1
0.999966	3.39943e-05	0	0
4.7893143e-05	0.9999521	1	1
3.159307e-05	0.9999684	1	1
0.00074728124	0.99925274	1	0
2.9332316e-05	0.9999707	1	1
2.8383962e-05	0.9999716	1	1
2.835807e-05	0.9999716	1	1
3.1982603e-05	0.99996805	1	1
2.8933722e-05	0.99997103	1	1
2.8507717e-05	0.9999715	1	1
0.9993304	0.00066966406	0	0
3.6154517e-05	0.9999639	1	1
2.7822882e-05	0.9999722	1	1
6.0397506e-05	0.99993956	1	1
2.8723956e-05	0.9999713	1	1
3.0728555e-05	0.99996924	1	1
0.0002821494	0.9997178	1	1
0.00023164046	0.9997683	1	1
0.99982685	0.00017323499	0	1
0.009445654	0.9905544	1	1
0.9999627	3.728336e-05	0	0
0.9999367	6.3237094e-05	0	0
0.9999603	3.969571e-05	0	0
0.9999529	4.711017e-05	0	0
4.512482e-05	0.9999548	1	1
2.8559907e-05	0.9999714	1	1
0.02567171	0.9743283	1	1
0.99916244	0.0008375739	0	1
2.8226968e-05	0.99997175	1	1
0.9967319	0.0032681655	0	0
0.00067911047	0.99932086	1	1
0.9999536	4.6402478e-05	0	0
4.1360043e-05	0.99995863	1	1
0.9999361	6.38653e-05	0	1
3.258503e-05	0.99996746	1	1
0.001477563	0.99852246	1	0
0.00010126243	0.9998987	1	0
4.019074e-05	0.9999598	1	1
3.288801e-05	0.9999671	1	1
0.99676055	0.0032395339	0	1
0.00011110887	0.9998889	1	0
0.0019543553	0.9980457	1	1
0.9999449	5.5114815e-05	0	0
4.390813e-05	0.99995613	1	1
2.9217099e-05	0.9999708	1	1
0.9999589	4.1168994e-05	0	0
0.00723895	0.992761	1	1
2.9030125e-05	0.9999709	1	1
0.99994814	5.1863262e-05	0	1
0.00022752988	0.9997725	1	1
0.0093651675	0.99063486	1	0
0.99977213	0.00022791963	0	0
0.00034925822	0.9996507	1	1
3.1745163e-05	0.9999683	1	1
2.8483097e-05	0.9999715	1	1
0.9999608	3.925055e-05	0	1
2.9805671e-05	0.9999702	1	1
2.856767e-05	0.9999714	1	1
2.760181e-05	0.99997234	1	1
3.0976556e-05	0.999969	1	1
0.00024731233	0.9997527	1	1
0.999967	3.3002052e-05	0	0
2.990977e-05	0.9999701	1	1
0.99846387	0.001536147	0	0
0.9999291	7.087989e-05	0	0
0.99996495	3.5095105e-05	0	0
0.9999664	3.3579785e-05	0	0
0.0039638663	0.9960361	1	0
0.0027897574	0.9972102	1	1
0.9993886	0.00061137637	0	0
0.9999578	4.2236337e-05	0	0
0.999964	3.599918e-05	0	0
0.9998778	0.00012214103	0	0
0.0029743183	0.99702567	1	1
0.9999695	3.0526382e-05	0	0
0.8242998	0.17570025	0	1
3.9549668e-05	0.9999604	1	0
0.9991423	0.00085766806	0	1
3.970389e-05	0.9999603	1	1
0.9999604	3.9545594e-05	0	0
0.0044076284	0.9955923	1	0
0.024862137	0.9751379	1	1
0.00017059327	0.9998294	1	1
0.99980336	0.00019666793	0	0
3.281908e-05	0.9999672	1	1
0.99993074	6.922196e-05	0	1
3.0033876e-05	0.99996996	1	1
0.014007893	0.98599213	1	1
3.2193224e-05	0.9999678	1	1
4.3402775e-05	0.9999566	1	1
3.1732205e-05	0.9999683	1	1
3.3535813e-05	0.9999665	1	1
0.9999685	3.145208e-05	0	0
0.0030649072	0.9969351	1	1
2.7531752e-05	0.99997246	1	1
4.911368e-05	0.9999509	1	1
2.8955088e-05	0.99997103	1	1
3.254795e-05	0.99996746	1	1
0.9999591	4.0868417e-05	0	0
2.7333454e-05	0.9999727	1	1
0.99677235	0.0032276532	0	0
3.4748657e-05	0.9999652	1	1
2.8721053e-05	0.9999713	1	1
0.9998493	0.00015067571	0	0
0.99993	6.9964444e-05	0	0
5.1165985e-05	0.99994886	1	1
0.9916176	0.008382443	0	1
3.8958187e-05	0.999961	1	1
3.381514e-05	0.99996614	1	1
2.8175467e-05	0.99997187	1	1
2.900373e-05	0.99997103	1	1
3.0942778e-05	0.999969	1	1
2.9211247e-05	0.9999708	1	1
0.65129197	0.348708	0	0
4.610127e-05	0.99995387	1	1
2.9853918e-05	0.9999702	1	1
0.00028855004	0.99971145	1	1
0.00027534293	0.9997247	1	1
2.8183826e-05	0.99997187	1	1
0.9998727	0.00012730715	0	0
3.0620937e-05	0.99996936	1	1
0.00941572	0.99058425	1	1
0.024512146	0.9754878	1	1
3.725336e-05	0.9999627	1	1
3.301241e-05	0.999967	1	1
0.0014595863	0.9985404	1	1
2.7816726e-05	0.9999722	1	1
0.0060698534	0.9939301	1	0
2.8384775e-05	0.9999716	1	1
0.00011246775	0.99988747	1	0
3.2734966e-05	0.9999672	1	1
2.9129991e-05	0.9999709	1	1
2.7843158e-05	0.9999721	1	1
2.892677e-05	0.99997103	1	1
3.248921e-05	0.99996746	1	1
0.99996376	3.6272555e-05	0	1
0.9973678	0.0026322135	0	1
3.2589007e-05	0.99996746	1	1
0.9817043	0.01829577	0	1
2.8813449e-05	0.99997115	1	1
0.00026822084	0.9997317	1	1
0.00010610541	0.9998939	1	1
2.758805e-05	0.99997246	1	1
2.9356243e-05	0.9999707	1	1
0.9998406	0.00015934707	0	0
0.99987173	0.00012829964	0	0
3.3681772e-05	0.99996626	1	1
3.0378042e-05	0.9999696	1	1
0.9998851	0.00011490883	0	0
3.0890922e-05	0.9999691	1	1
0.0014604004	0.99853957	1	1
4.129592e-05	0.99995875	1	1
4.665553e-05	0.9999534	1	1
4.915773e-05	0.9999509	1	1
2.9344123e-05	0.9999707	1	1
2.7567432e-05	0.99997246	1	1
0.017651988	0.9823481	1	1
2.8119579e-05	0.99997187	1	1
3.3159446e-05	0.99996686	1	1
3.8659302e-05	0.9999614	1	1
0.0027706204	0.9972294	1	1
7.191031e-05	0.9999281	1	1
0.9997907	0.00020930714	0	0
0.0012849768	0.99871504	1	0
0.9999013	9.868468e-05	0	0
0.0007974637	0.99920255	1	1
2.8052005e-05	0.999972	1	1
4.298432e-05	0.99995697	1	1
0.99996674	3.3233395e-05	0	0
3.895079e-05	0.999961	1	1
7.178404e-05	0.99992824	1	1
2.9231285e-05	0.9999708	1	1
3.1038864e-05	0.999969	1	0
0.998243	0.0017570424	0	0
0.9998306	0.00016941754	0	1
2.814955e-05	0.99997187	1	1
0.999943	5.698448e-05	0	0
2.992766e-05	0.9999701	1	1
4.9000235e-05	0.999951	1	1
0.11622275	0.88377726	1	1
0.001153538	0.9988464	1	1
2.88708e-05	0.99997115	1	1
2.7526685e-05	0.99997246	1	1
2.838564e-05	0.9999716	1	1
2.976014e-05	0.9999702	1	1
0.999967	3.3077362e-05	0	0
2.885475e-05	0.99997115	1	1
0.00013366246	0.99986637	1	0
5.589233e-05	0.9999441	1	1
2.8929418e-05	0.99997103	1	1
3.0305735e-05	0.9999697	1	1
0.99994004	5.993289e-05	0	0
2.7727127e-05	0.9999722	1	1
0.000119856355	0.9998801	1	1
3.1456133e-05	0.9999685	1	1
0.0006598302	0.9993401	1	1
0.99993646	6.3547755e-05	0	0
0.99489105	0.005108967	0	0
2.86657e-05	0.9999714	1	1
8.6560205e-05	0.99991345	1	1
0.9993419	0.00065809913	0	1
6.307617e-05	0.99993694	1	1
3.0450701e-05	0.9999696	1	1
0.007397396	0.99260265	1	1
0.00012755675	0.99987245	1	0
3.0906598e-05	0.9999691	1	1
0.9972938	0.0027062278	0	0
0.99923694	0.0007630178	0	1
2.928572e-05	0.9999707	1	1
6.653196e-05	0.9999335	1	1
7.1786366e-05	0.99992824	1	1
3.1262018e-05	0.99996877	1	1
0.9999343	6.573733e-05	0	0
2.7965621e-05	0.999972	1	1
2.739415e-05	0.9999726	1	1
0.9999646	3.5433986e-05	0	0
3.892387e-05	0.999961	1	1
2.873456e-05	0.9999713	1	1
3.740437e-05	0.99996257	1	1
2.7889238e-05	0.9999721	1	1
0.00041195215	0.9995881	1	1
2.7948427e-05	0.9999721	1	1
0.99986637	0.00013357148	0	1
3.8575145e-05	0.9999614	1	1
0.0069251275	0.9930749	1	0
0.9987117	0.0012883598	0	0
0.9877815	0.012218522	0	1
2.7435379e-05	0.9999726	1	1
0.99971086	0.00028914213	0	0
0.9987777	0.0012222688	0	0
8.694439e-05	0.9999131	1	1
0.00023896125	0.99976104	1	1
3.7038346e-05	0.9999629	1	1
0.0003979702	0.999602	1	1
2.988291e-05	0.9999701	1	1
0.9999621	3.7952865e-05	0	0
0.000172075	0.99982786	1	1
2.9685256e-05	0.9999703	1	1
2.9258534e-05	0.9999708	1	1
0.02798675	0.9720132	1	0
3.1388798e-05	0.99996865	1	1
3.1745796e-05	0.9999683	1	1
8.545384e-05	0.9999145	1	1
0.99993694	6.309735e-05	0	0
0.9968657	0.0031343098	0	1
2.8055001e-05	0.999972	1	1
3.003674e-05	0.99996996	1	1
0.00022414948	0.9997758	1	1
3.188345e-05	0.9999682	1	1
0.9999174	8.265701e-05	0	0
0.999959	4.100388e-05	0	0
6.381289e-05	0.9999362	1	1
2.7514638e-05	0.99997246	1	1
0.9999461	5.382331e-05	0	0
3.4318167e-05	0.99996567	1	1
0.989673	0.010327018	0	0
3.4947083e-05	0.9999651	1	1
3.2992994e-05	0.999967	1	0
0.99987316	0.00012679736	0	0
2.7947228e-05	0.9999721	1	1
3.0270003e-05	0.9999697	1	1
0.0001529765	0.99984705	1	1
0.9993224	0.00067755504	0	0
3.5030404e-05	0.99996495	1	1
3.1933447e-05	0.99996805	1	1
0.99996114	3.880371e-05	0	0
0.011994189	0.9880058	1	0
0.9998839	0.00011611948	0	0
3.8707585e-05	0.99996126	1	1
0.99944216	0.00055778807	0	0
0.9999676	3.2374097e-05	0	0
3.002491e-05	0.99996996	1	1
3.1661686e-05	0.9999683	1	1
0.99995565	4.4397562e-05	0	0
0.9998852	0.00011482055	0	0
2.969372e-05	0.9999703	1	1
0.99993277	6.7208784e-05	0	0
3.1087442e-05	0.9999689	1	1
0.0005018773	0.9994981	1	1
4.837594e-05	0.9999516	1	1
0.0048468355	0.9951532	1	1
3.398691e-05	0.999966	1	1
3.1445034e-05	0.9999685	1	0
0.9999678	3.213231e-05	0	0
0.00026019439	0.9997398	1	1
4.1202806e-05	0.99995875	1	1
0.0014476905	0.99855226	1	0
0.91325146	0.08674858	0	1
0.0006055838	0.9993944	1	1
5.3179447e-05	0.99994683	1	1
0.99942774	0.0005722607	0	1
0.0021995679	0.9978004	1	0
0.9999529	4.706024e-05	0	0
0.99989474	0.00010529835	0	0
4.2201307e-05	0.9999578	1	1
0.9999361	6.386512e-05	0	0
0.7049004	0.29509962	0	0
2.9679368e-05	0.9999703	1	1
2.8290138e-05	0.99997175	1	1
3.131465e-05	0.99996865	1	1
0.999966	3.3991837e-05	0	0
2.8549617e-05	0.9999715	1	1
0.9988398	0.0011601842	0	0
2.7737942e-05	0.9999722	1	1
2.850981e-05	0.9999715	1	1
3.074236e-05	0.99996924	1	1
2.787791e-05	0.9999721	1	1
0.9996296	0.00037036082	0	1
2.8844326e-05	0.99997115	1	1
2.9890492e-05	0.9999701	1	1
2.8399341e-05	0.9999716	1	1
3.7060177e-05	0.9999629	1	1
0.99996865	3.137228e-05	0	0
3.287211e-05	0.9999671	1	1
0.9995515	0.0004484812	0	0
0.9962612	0.003738845	0	0
3.3357035e-05	0.9999666	1	1
3.129232e-05	0.99996865	1	1
8.853706e-05	0.9999114	1	1
4.846885e-05	0.9999515	1	1
0.00015563797	0.9998443	1	1
2.7708284e-05	0.99997234	1	1
3.490372e-05	0.9999651	1	1
2.7224245e-05	0.9999728	1	1
0.9999584	4.1593685e-05	0	0
0.0007181605	0.9992818	1	1
4.3300122e-05	0.9999567	1	1
0.00029757747	0.9997024	1	0
0.99995613	4.388971e-05	0	0
2.8461645e-05	0.9999715	1	1
2.772398e-05	0.9999722	1	1
2.7304925e-05	0.9999727	1	1
0.99926955	0.0007304508	0	1
2.7060654e-05	0.99997294	1	1
0.99996233	3.764122e-05	0	0
0.999506	0.0004939919	0	0
0.9923464	0.0076535437	0	1
3.241772e-05	0.9999676	1	1
0.9999472	5.2784242e-05	0	0
0.99995804	4.1982028e-05	0	0
0.9992574	0.000742649	0	0
2.7452208e-05	0.9999726	1	1
0.9990313	0.0009686716	0	1
2.8447534e-05	0.9999715	1	1
0.00094553526	0.9990545	1	0
8.459344e-05	0.99991536	1	1
0.89064723	0.10935276	0	1
6.3832544e-05	0.9999361	1	1
0.00010895113	0.99989104	1	1
0.9999627	3.7281974e-05	0	0
0.9999466	5.3455635e-05	0	0
2.9080002e-05	0.9999709	1	1
0.9984804	0.0015196458	0	1
2.8285418e-05	0.99997175	1	1
0.9987134	0.0012866128	0	1
2.853538e-05	0.9999715	1	1
0.9999236	7.644966e-05	0	0
0.9999547	4.532416e-05	0	0
2.754399e-05	0.99997246	1	1
0.0001559544	0.9998441	1	1
4.1473042e-05	0.9999585	1	1
0.9980045	0.0019955616	0	0
0.9999522	4.774348e-05	0	0
5.643935e-05	0.9999436	1	1
3.0520998e-05	0.9999695	1	1
2.8348686e-05	0.9999716	1	1
5.5008906e-05	0.99994504	1	1
0.99995387	4.6104655e-05	0	0
0.0005698723	0.9994301	1	1
3.419595e-05	0.9999658	1	1
0.99987173	0.00012821611	0	1
0.99994457	5.541886e-05	0	0
0.00080588966	0.9991941	1	1
2.921671e-05	0.9999708	1	1
0.9989291	0.0010708469	0	0
3.312708e-05	0.99996686	1	1
2.9426623e-05	0.99997056	1	1
2.8541286e-05	0.9999715	1	1
0.99699914	0.0030008429	0	0
9.057633e-05	0.9999094	1	1
3.2767763e-05	0.9999672	1	1
0.99996006	3.99909e-05	0	0
0.013081935	0.98691803	1	1
0.997412	0.002587935	0	0
0.0046218913	0.99537814	1	1
0.9997434	0.00025663574	0	0
2.7142765e-05	0.9999728	1	1
2.8616807e-05	0.9999714	1	1
0.99245584	0.0075441017	0	1
2.946754e-05	0.99997056	1	1
7.789287e-05	0.99992216	1	1
2.8536115e-05	0.9999715	1	1
0.9999604	3.9546234e-05	0	0
0.9935329	0.0064671384	0	1
3.4351207e-05	0.99996567	1	1
4.6770194e-05	0.99995327	1	1
3.0889594e-05	0.9999691	1	1
0.9999684	3.1538282e-05	0	0
0.999964	3.5950565e-05	0	0
2.8465987e-05	0.9999715	1	1
2.8007418e-05	0.999972	1	1
2.9071378e-05	0.9999709	1	1
8.9069035e-05	0.99991095	1	1
2.8776105e-05	0.9999713	1	1
2.8894901e-05	0.99997115	1	1
7.883082e-05	0.9999212	1	1
2.9804023e-05	0.9999702	1	1
5.959993e-05	0.9999404	1	1
2.9239956e-05	0.9999708	1	1
2.895832e-05	0.99997103	1	1
0.011430677	0.9885693	1	0
0.9999453	5.4667624e-05	0	0
2.9649633e-05	0.9999703	1	1
0.9996439	0.00035610527	0	0
2.8847047e-05	0.99997115	1	1
3.0300562e-05	0.9999697	1	1
2.9518247e-05	0.99997044	1	1
0.9999182	8.1759805e-05	0	0
2.882131e-05	0.99997115	1	1
0.9920447	0.007955252	0	1
0.0002586379	0.9997414	1	1
2.71011e-05	0.99997294	1	1
0.9999629	3.708627e-05	0	0
2.9596864e-05	0.99997044	1	1
0.9999068	9.31868e-05	0	0
0.9996661	0.00033389	0	0
2.7392582e-05	0.9999726	1	1
0.97557527	0.02442468	0	0
0.9999616	3.837551e-05	0	0
0.999959	4.103639e-05	0	0
0.9998779	0.00012211148	0	0
0.000700438	0.9992995	1	1
4.1849198e-05	0.99995816	1	1
3.5846013e-05	0.9999641	1	1
0.011690965	0.988309	1	1
2.9198436e-05	0.9999708	1	1
3.5378715e-05	0.9999646	1	1
0.99873096	0.0012690792	0	1
0.9999076	9.241478e-05	0	0
5.7541798e-05	0.9999424	1	1
2.965167e-05	0.9999703	1	1
0.000642778	0.9993573	1	1
0.0020065776	0.99799347	1	0
0.97713405	0.02286588	0	1
2.8320854e-05	0.9999716	1	1
0.9303582	0.06964178	0	0
3.309184e-05	0.99996686	1	1
0.99995184	4.8188318e-05	0	0
0.0035770412	0.99642295	1	0
0.0005390959	0.9994609	1	1
2.8533665e-05	0.9999715	1	1
3.077149e-05	0.99996924	1	1
3.080596e-05	0.99996924	1	1
0.000107949345	0.999892	1	1
0.9999169	8.304763e-05	0	0
3.0709718e-05	0.99996924	1	1
4.085209e-05	0.9999591	1	0
6.724854e-05	0.99993277	1	1
4.8097096e-05	0.99995196	1	1
0.99861777	0.0013822628	0	0
4.738077e-05	0.9999527	1	1
0.00117278	0.99882716	1	0
3.575329e-05	0.99996424	1	0
2.967849e-05	0.9999703	1	1
0.9999652	3.4857818e-05	0	1
8.6040105e-05	0.99991393	1	1
2.8160666e-05	0.99997187	1	1
0.00020817386	0.9997918	1	1
2.7809352e-05	0.9999722	1	1
2.723188e-05	0.9999728	1	1
0.99981564	0.00018433019	0	0
0.9904302	0.009569806	0	1
3.6440153e-05	0.9999635	1	1
2.8464143e-05	0.9999715	1	1
2.7465197e-05	0.9999726	1	1
2.9557263e-05	0.99997044	1	1
3.0211664e-05	0.99996984	1	1
0.9999199	8.0104655e-05	0	0
0.9999523	4.7735517e-05	0	0
0.9999659	3.4141864e-05	0	0
0.005828011	0.99417204	1	0
0.99887687	0.0011230957	0	0
0.005092217	0.9949078	1	1
4.8380414e-05	0.9999516	1	1
3.3007498e-05	0.999967	1	1
0.053012453	0.94698757	1	1
2.951912e-05	0.99997044	1	1
0.9954417	0.0045583546	0	0
2.919785e-05	0.9999708	1	1
6.2334344e-05	0.99993765	1	1
0.9934458	0.0065542134	0	1
0.45671502	0.5432851	1	1
3.8567974e-05	0.9999614	1	1
2.9116298e-05	0.9999709	1	1
3.210055e-05	0.99996793	1	1
2.7759246e-05	0.9999722	1	1
0.99994016	5.98985e-05	0	1
4.3328215e-05	0.9999567	1	1
2.8627152e-05	0.9999714	1	1
0.00017741308	0.99982256	1	1
2.7272368e-05	0.9999727	1	1
2.9698025e-05	0.9999703	1	1
7.917043e-05	0.99992085	1	1
0.00084223854	0.9991578	1	1
0.9999654	3.4578214e-05	0	0
2.779493e-05	0.9999722	1	1
3.3676857e-05	0.99996626	1	1
0.7755344	0.22446567	0	1
0.9999651	3.486792e-05	0	0
2.924556e-05	0.9999708	1	1
3.093791e-05	0.999969	1	1
2.8147564e-05	0.99997187	1	1
6.011394e-05	0.9999399	1	0
0.99994504	5.4992433e-05	0	0
2.9716808e-05	0.9999703	1	0
0.99994254	5.743402e-05	0	0
4.3656866e-05	0.99995637	1	1
2.9035165e-05	0.9999709	1	1
4.2878528e-05	0.9999571	1	1
0.96016145	0.03983851	0	0
3.6760775e-05	0.9999633	1	1
3.088674e-05	0.9999691	1	1
2.9416773e-05	0.99997056	1	1
0.0051438943	0.9948561	1	1
0.0033519233	0.996648	1	1
3.343723e-05	0.9999665	1	1
2.7957994e-05	0.999972	1	1
0.39494273	0.6050573	1	1
0.999967	3.2974905e-05	0	0
4.374413e-05	0.99995625	1	1
0.00032349507	0.99967647	1	0
2.7281318e-05	0.9999727	1	1
2.7179989e-05	0.9999728	1	1
2.9642339e-05	0.9999703	1	1
0.9999653	3.4647896e-05	0	0
0.99428	0.0057200105	0	1
0.00017121492	0.9998287	1	1
7.2320036e-05	0.99992764	1	1
0.006132751	0.9938672	1	1
3.108276e-05	0.9999689	1	1
6.782275e-05	0.99993217	1	1
0.0026320668	0.9973679	1	1
4.729892e-05	0.9999527	1	1
0.9995591	0.00044083688	0	0
0.44083434	0.5591656	1	0
2.758442e-05	0.99997246	1	1
3.1155083e-05	0.9999689	1	1
0.99923587	0.0007640936	0	1
2.7471091e-05	0.9999726	1	1
0.9886227	0.011377257	0	0
3.1997795e-05	0.99996805	1	1
2.8268347e-05	0.99997175	1	1
0.9999615	3.8459224e-05	0	0
2.9863426e-05	0.9999701	1	1
3.372574e-05	0.99996626	1	1
0.9999651	3.4906316e-05	0	0
0.00073324196	0.9992668	1	1
2.7586262e-05	0.99997246	1	1
3.376143e-05	0.99996626	1	1
5.826781e-05	0.9999417	1	1
3.0039319e-05	0.99996996	1	1
3.0767264e-05	0.99996924	1	1
2.7839918e-05	0.9999721	1	1
0.99653316	0.003466812	0	1
5.322333e-05	0.99994683	1	0
0.99994624	5.3705997e-05	0	1
0.9984999	0.0015001105	0	0
0.9999553	4.4668846e-05	0	1
3.0711388e-05	0.99996924	1	1
5.2243202e-05	0.9999478	1	1
2.6882919e-05	0.99997306	1	1
2.8936372e-05	0.99997103	1	1
3.0231462e-05	0.9999697	1	1
0.00029453787	0.9997055	1	1
2.9341603e-05	0.9999707	1	1
4.9917242e-05	0.99995005	1	1
0.0033830707	0.9966169	1	1
2.811494e-05	0.99997187	1	1
3.945658e-05	0.99996054	1	1
3.1267744e-05	0.99996877	1	1
3.592603e-05	0.9999641	1	1
0.00061296724	0.999387	1	1
0.96897393	0.031026043	0	1
2.8647852e-05	0.9999714	1	1
4.2555326e-05	0.99995744	1	1
0.0018922493	0.9981078	1	1
5.760472e-05	0.9999424	1	1
0.0020471516	0.9979528	1	1
7.6617514e-05	0.99992335	1	1
3.3103075e-05	0.99996686	1	0
5.840299e-05	0.9999416	1	1
2.9204284e-05	0.9999708	1	1
3.9601186e-05	0.9999604	1	1
0.0015859653	0.99841404	1	1
3.642028e-05	0.9999635	1	1
0.5199361	0.48006397	0	1
0.99994504	5.4928227e-05	0	1
0.99996126	3.8795133e-05	0	0
5.750187e-05	0.99994254	1	1
0.99632806	0.0036719297	0	1
0.9999665	3.3511547e-05	0	0
2.8198421e-05	0.99997175	1	1
3.112114e-05	0.9999689	1	1
2.899416e-05	0.99997103	1	1
5.613125e-05	0.99994385	1	1
2.8359937e-05	0.9999716	1	1
0.00012630729	0.99987364	1	1
5.644849e-05	0.9999435	1	1
2.7424107e-05	0.9999726	1	1
4.3036656e-05	0.99995697	1	1
3.0330513e-05	0.9999697	1	1
0.00016575468	0.9998342	1	1
2.8102395e-05	0.99997187	1	1
2.7574164e-05	0.99997246	1	1
4.1183994e-05	0.9999589	1	1
2.796002e-05	0.999972	1	1
3.0245823e-05	0.9999697	1	1
0.9888687	0.0111313	0	0
2.9498973e-05	0.99997056	1	1
3.0446374e-05	0.9999696	1	1
0.0005721783	0.99942774	1	0
0.99995923	4.0724703e-05	0	0
2.7525424e-05	0.99997246	1	1
0.018476104	0.98152393	1	1
0.9977852	0.0022147326	0	0
0.99511564	0.004884386	0	0
0.95989186	0.040108126	0	0
0.00042765567	0.99957234	1	0
5.1684434e-05	0.99994826	1	1
2.8536442e-05	0.9999715	1	1
2.7746515e-05	0.9999722	1	1
0.98917973	0.010820327	0	1
2.6788792e-05	0.9999732	1	1
6.581806e-05	0.9999342	1	1
4.2213705e-05	0.9999578	1	1
3.111298e-05	0.9999689	1	1
5.0115854e-05	0.99994993	1	1
0.99980325	0.00019672437	0	0
0.9999672	3.274352e-05	0	0
0.004650084	0.9953499	1	0
0.000120030665	0.99987996	1	0
0.00033590943	0.99966407	1	1
3.1427855e-05	0.9999685	1	1
0.000502375	0.99949765	1	1
0.9999263	7.3697665e-05	0	0
2.7338121e-05	0.9999727	1	1
6.4050226e-05	0.999936	1	1
0.9999635	3.6427296e-05	0	0
8.879571e-05	0.9999112	1	1
3.217889e-05	0.9999678	1	1
3.131447e-05	0.99996865	1	1
0.99995637	4.3650994e-05	0	1
0.024413876	0.97558606	1	0
0.030901318	0.9690986	1	1
0.9999646	3.5367448e-05	0	0
0.95992965	0.04007043	0	0
0.9999337	6.625287e-05	0	0
3.221964e-05	0.9999678	1	1
2.9571895e-05	0.99997044	1	1
2.9523286e-05	0.99997044	1	1
3.0807547e-05	0.99996924	1	1
2.9851726e-05	0.9999702	1	1
3.146423e-05	0.9999685	1	1
3.1614858e-05	0.9999684	1	0
0.00012258478	0.99987745	1	1
3.081225e-05	0.99996924	1	1
0.019728044	0.980272	1	0
0.17585291	0.82414705	1	1
0.9999485	5.1472733e-05	0	0
0.9999583	4.1687796e-05	0	0
2.9025257e-05	0.99997103	1	1
0.9995766	0.0004233208	0	0
0.99987686	0.00012309442	0	0
2.8131113e-05	0.99997187	1	1
0.99960226	0.00039771668	0	0
3.4193243e-05	0.9999658	1	1
2.724437e-05	0.9999727	1	1
0.9997888	0.00021115587	0	0
0.9671638	0.032836165	0	0
2.8845014e-05	0.99997115	1	1
0.0018719337	0.9981281	1	1
0.9994216	0.0005783835	0	0
2.9223509e-05	0.9999708	1	1
3.0650797e-05	0.99996936	1	1
2.9837922e-05	0.9999702	1	1
2.9234714e-05	0.9999708	1	1
2.8429313e-05	0.9999716	1	1
2.8704295e-05	0.9999713	1	1
0.958523	0.04147698	0	0
0.9999684	3.1642157e-05	0	0
2.756412e-05	0.99997246	1	1
2.8287603e-05	0.99997175	1	1
0.76880527	0.23119469	0	1
0.9867851	0.013214897	0	1
0.008050772	0.9919492	1	1
0.9969373	0.0030626976	0	0
0.99677926	0.0032207326	0	0
0.9597205	0.04027949	0	0
2.9975763e-05	0.9999701	1	1
2.8284365e-05	0.99997175	1	1
0.0014168862	0.9985831	1	0
0.9782462	0.021753745	0	1
8.174982e-05	0.9999182	1	1
3.5567955e-05	0.9999645	1	1
0.0040897024	0.9959103	1	1
0.001872126	0.9981279	1	0
2.7525004e-05	0.99997246	1	1
0.9999573	4.2694995e-05	0	0
3.3818073e-05	0.99996614	1	1
0.8291972	0.17080277	0	1
3.0858882e-05	0.9999691	1	1
0.9999584	4.1578176e-05	0	0
2.692248e-05	0.99997306	1	1
0.9999589	4.107401e-05	0	0
2.9912851e-05	0.9999701	1	1
0.00010033268	0.9998996	1	1
2.9307708e-05	0.9999707	1	1
2.8829392e-05	0.99997115	1	1
3.1389995e-05	0.99996865	1	1
2.8131784e-05	0.99997187	1	1
0.00049669406	0.99950325	1	1
3.0979776e-05	0.999969	1	1
3.70405e-05	0.9999629	1	0
3.3152362e-05	0.99996686	1	1
0.99995685	4.3144646e-05	0	0
0.9999635	3.644446e-05	0	0
2.8425056e-05	0.9999716	1	1
0.9999577	4.228304e-05	0	0
2.7528602e-05	0.99997246	1	1
2.8279726e-05	0.99997175	1	1
0.9996964	0.00030365182	0	1
0.00012124035	0.99987876	1	1
0.054153968	0.945846	1	0
3.14236e-05	0.9999685	1	1
0.000672657	0.9993274	1	1
0.00043678735	0.99956316	1	1
0.999819	0.0001810129	0	0
5.474672e-05	0.9999453	1	1
2.9861945e-05	0.9999701	1	1
4.011928e-05	0.9999598	1	1
0.00030819085	0.99969184	1	1
3.4459415e-05	0.99996555	1	1
0.0012113712	0.99878865	1	1
2.7812986e-05	0.9999722	1	1
0.9996965	0.00030350246	0	1
3.064115e-05	0.99996936	1	0
0.9996978	0.0003021968	0	1
0.9998616	0.00013832646	0	1
0.0002032525	0.9997968	1	1
2.8449216e-05	0.9999715	1	1
0.9998958	0.000104210354	0	0
2.9825802e-05	0.9999702	1	1
2.9360219e-05	0.9999707	1	1
2.8911492e-05	0.99997103	1	1
0.99987733	0.0001226278	0	0
2.7403034e-05	0.9999726	1	1
5.168305e-05	0.99994826	1	0
2.9725114e-05	0.9999703	1	1
3.4725268e-05	0.9999653	1	1
0.9999665	3.3528362e-05	0	0
2.9460964e-05	0.99997056	1	1
4.8922033e-05	0.9999511	1	1
0.030095687	0.9699043	1	1
0.00012360938	0.9998764	1	1
0.010901623	0.9890984	1	1
0.0001830717	0.99981695	1	1
2.8201084e-05	0.99997175	1	1
2.9142024e-05	0.9999709	1	1
0.7689387	0.2310613	0	0
2.7592128e-05	0.99997246	1	1
0.20682682	0.79317325	1	1
0.99996436	3.564843e-05	0	0
2.8722257e-05	0.9999713	1	1
0.92849904	0.07150092	0	0
0.99967027	0.00032974506	0	0
3.41659e-05	0.9999658	1	1
0.9983821	0.0016178833	0	0
0.9998834	0.00011654911	0	0
2.864348e-05	0.9999714	1	1
0.9999368	6.313328e-05	0	0
3.7345635e-05	0.9999627	1	1
4.179328e-05	0.99995816	1	1
3.0429015e-05	0.9999696	1	1
3.2639673e-05	0.99996734	1	1
0.99994516	5.478531e-05	0	0
6.962162e-05	0.9999304	1	0
0.9999021	9.787422e-05	0	0
2.796578e-05	0.999972	1	1
0.9999527	4.73319e-05	0	0
6.300451e-05	0.99993694	1	1
3.1300646e-05	0.99996865	1	1
3.0198038e-05	0.99996984	1	1
0.9999591	4.0850417e-05	0	0
0.9999598	4.014209e-05	0	0
2.74658e-05	0.9999726	1	1
0.000117234384	0.9998827	1	1
0.9999622	3.7826867e-05	0	0
2.7488883e-05	0.99997246	1	1
0.0036362428	0.9963638	1	1
0.99996626	3.3787004e-05	0	0
0.99988556	0.00011442706	0	0
0.0018994634	0.9981006	1	1
2.8175038e-05	0.99997187	1	1
4.7565747e-05	0.99995244	1	1
2.7875094e-05	0.9999721	1	1
0.99985933	0.00014064228	0	0
3.67497e-05	0.9999633	1	1
2.9250108e-05	0.9999708	1	1
0.00030451253	0.99969554	1	1
0.9965911	0.0034089896	0	0
0.99990165	9.831611e-05	0	0
2.8652088e-05	0.9999714	1	1
6.692419e-05	0.9999331	1	1
4.8589405e-05	0.99995136	1	1
3.1892207e-05	0.99996805	1	1
7.026372e-05	0.9999298	1	1
0.99994683	5.3209984e-05	0	0
0.99995947	4.053075e-05	0	0
5.4188295e-05	0.99994576	1	1
0.003899187	0.9961008	1	1
0.00030104315	0.999699	1	0
2.8774186e-05	0.9999713	1	1
0.00041362236	0.9995864	1	1
3.8813374e-05	0.99996114	1	1
0.9987437	0.0012563176	0	0
0.33970976	0.6602902	1	1
0.99573827	0.0042617484	0	1
2.9910625e-05	0.9999701	1	1
2.8330362e-05	0.9999716	1	1
5.1372746e-05	0.9999486	1	1
2.817563e-05	0.99997187	1	1
0.9966143	0.003385749	0	0
0.00012918648	0.9998708	1	1
0.000396136	0.9996039	1	1
2.8116281e-05	0.99997187	1	1
3.9343115e-05	0.99996066	1	1
2.8660834e-05	0.9999714	1	1
0.9999596	4.0437826e-05	0	0
3.0358726e-05	0.9999696	1	1
0.9957675	0.0042324997	0	1
3.4600514e-05	0.9999654	1	1
3.0202244e-05	0.99996984	1	1
2.9940706e-05	0.9999701	1	1
0.99987006	0.00012991557	0	0
0.0017349421	0.9982651	1	1
0.99996734	3.2676457e-05	0	0
0.00018607081	0.999814	1	1
3.588035e-05	0.9999641	1	1
0.003614933	0.9963851	1	1
0.0001780333	0.99982196	1	1
0.001688859	0.99831116	1	1
0.96895707	0.03104294	0	0
0.99991596	8.406207e-05	0	0
2.8146114e-05	0.99997187	1	1
3.052388e-05	0.9999695	1	1
0.00027303983	0.99972695	1	1
0.9998305	0.00016948782	0	1
0.99995434	4.5662597e-05	0	0
3.3444885e-05	0.9999665	1	1
2.9566509e-05	0.99997044	1	1
0.99972564	0.0002743974	0	1
2.9558785e-05	0.99997044	1	0
0.0048509636	0.9951491	1	0
0.9999671	3.2901527e-05	0	0
6.956567e-05	0.9999304	1	1
2.6758818e-05	0.9999733	1	1
4.2354477e-05	0.9999577	1	1
0.9987974	0.0012026249	0	1
0.99996066	3.9368708e-05	0	0
2.8213943e-05	0.99997175	1	1
3.9243212e-05	0.9999608	1	1
4.2253985e-05	0.9999578	1	1
2.8349119e-05	0.9999716	1	1
3.436615e-05	0.99996567	1	1
0.99991226	8.777628e-05	0	0
4.3284886e-05	0.9999567	1	1
0.9986029	0.0013970361	0	1
2.9250832e-05	0.9999708	1	1
4.893258e-05	0.9999511	1	1
3.1996944e-05	0.99996805	1	1
3.9105063e-05	0.9999609	1	1
2.9327588e-05	0.9999707	1	1
3.0693183e-05	0.99996936	1	1
3.674837e-05	0.9999633	1	1
2.9011917e-05	0.99997103	1	1
